"ID","PRIMARY_COMMODITY","Mineral","LONGITUDE","LATITUDE","resources"
24463,"Copper","Copper",-110.06357,32.09938,0.388533
24468,"Copper","Copper",-109.90408,31.44038,1.270058
24469,"Copper","Copper",-110.897,33.393,1.950446
24470,"Copper","Copper",-110.95556,33.41056,4.357
24471,"Copper","Copper",-110.7417,33.0589,1.360776
24473,"Copper","Copper",-109.35895,33.10015,38.095378
24503,"Copper","Copper",-111.14432,31.8724,8.119297
24505,"Copper","Copper",-111.06355,31.98801,0.758
24509,"Copper","Copper",-110.99653,33.18362,2.1978
24510,"Copper","Copper",-111.42972,33.04694,1.276861
24512,"Copper","Copper",-111.05817,33.296,28.199
24514,"Copper","Copper",-111.87069,32.90281,6.436
24518,"Copper","Copper",-113.2078,34.58333,13.113345
24519,"Copper","Copper",-112.63364,34.30709,0.448149
24673,"Copper","Copper",-112.48,46.01083,1.346
24697,"Copper","Copper",-119.03995,38.93485,3.327551
24732,"Copper","Copper",-108.36799,32.64262,3.738959
24733,"Copper","Copper",-108.06667,32.79167,7.188072
24783,"Copper","Copper",-112.145,40.52056,3.986
24814,"Other","Copper",-105.18417,41.14414,0.187333
24857,"Copper","Copper",-119.26274,38.98007,7.07
24880,"Copper","Copper",-111.50413,32.39579,0.1634
24881,"Other","Copper",-110.72771,31.4656,0.1975
24883,"Copper","Copper",-109.53389,32.88139,0.453592
24897,"Copper","Copper",-110.86644,33.39884,0.781993
24898,"Copper","Copper",-110.74459,32.47394,0.38
24909,"Copper","Copper",-107.53176,32.96851,0.689109
24927,"Copper","Copper",-91.87293,47.64812,12.1537
25014,"Copper","Copper",-120.7982,40.22814,1.328104
25491,"Copper","Copper",-89.53172,46.77332,2.576403
25493,"Other","Copper",-91.07697,37.75596,0.118
25613,"Other","Copper",116.40127,-32.618,0.8035
25622,"Copper","Copper",118.6229,-25.35998,0.13805
25635,"Copper","Copper",136.88889,-30.44,85.372
25655,"Other","Copper",144.40218,-17.11797,0.2252
25678,"Other","Copper",40.85705,23.50095,0.144505
25685,"Copper","Copper",116.94389,-28.74457,0.916
25687,"Copper","Copper",-7.96722,37.57241,2.023
25698,"Copper","Copper",40.94042,23.85226,0.7516
25700,"Copper","Copper",-70.24215,18.8779,0.8004
25706,"Other","Copper",-112.79889,65.63056,0.33
25715,"Copper","Copper",141.13257,-5.13828,3.544
25720,"Copper","Copper",-101.87414,54.78004,0.14504
25734,"Other","Copper",35.39292,18.69485,1.3535
25740,"Copper","Copper",-128.38736,58.20996,0.498951
25742,"Copper","Copper",-121.02472,49.16361,0.175
25754,"Copper","Copper",40.76716,41.03959,0.142791
25761,"Copper","Copper",-50.53919,-5.78996,10.569
25765,"Copper","Copper",145.131,-5.741,3.056
25848,"Other","Copper",-108.36306,65.91667,0.356
25867,"Copper","Copper",-126.13534,56.50443,0.503487
25929,"Other","Copper",-66.43167,47.52528,0.117299
25992,"Copper","Copper",-138.83333,62.73333,4.861871
26001,"Other","Copper",-86.478165,48.864535,0.562454
26096,"Copper","Copper",-137.24754,62.61633,0.399433
26105,"Copper","Copper",-120.53599,49.33884,2.0415
26200,"Copper","Copper",-74.86517,49.78498,0.807393
26209,"Other","Copper",-123.62417,51.46389,2.472076
26218,"Copper","Copper",-126.23028,55.00278,1.65
26219,"Copper","Copper",-65.5217,48.97051,4.21523
26245,"Copper","Copper",-110.91179,46.77187,1.008
26249,"Copper","Copper",-99.63722,56.475,0.230878
26257,"Other","Copper",-104.30411,24.52951,0.209677
26271,"Copper","Copper",-130.99356,57.37026,3.93
26275,"Nickel","Copper",-139.53333,61.46667,0.740171
26312,"Copper","Copper",-119.19429,38.98071,1.620412
26362,"Copper","Copper",147.45,-34.31667,0.728
26391,"Copper","Copper",151.27611,-24.67389,0.14739
26419,"Other","Copper",122.22,-21.72306,0.387
26490,"Copper","Copper",-69.07048,-24.23123,139.518
26539,"Other","Copper",-58.20438,-15.34425,0.205935
26568,"Copper","Copper",137.11361,-4.05667,36.151283
26573,"Copper","Copper",118.49099,56.5968,26.7
26574,"Other","Copper",-76.05238,-11.74552,0.1158
26575,"Copper","Copper",-121.04722,50.48556,3.0933
26577,"Copper","Copper",-122.28341,52.51639,2.628112
26653,"Copper","Copper",-70.70908,-17.04104,11.391011
26654,"Copper","Copper",-70.61354,-17.24621,15.726579
26665,"Copper","Copper",-4.33889,53.38799,0.15789
26668,"Copper","Copper",26.42934,-12.09539,7.627
26669,"Copper","Copper",30.00306,0.205,0.1204
26670,"Copper","Copper",155.49371,-6.32923,5.3
26672,"Copper","Copper",-110.33208,30.96187,49.46194
26696,"Copper","Copper",-70.35495,-34.0899,39.3
26697,"Copper","Copper",-68.89801,-22.28343,16.6
26702,"Copper","Copper",147.88194,-37.00667,0.315
26711,"Other","Copper",-76.26869,-10.74886,1.674776
26722,"Copper","Copper",-71.1109,-32.6507,1.355
26723,"Copper","Copper",-70.28056,-33.14972,23.5885
26771,"Other","Copper",145.87596,-31.5639,0.58136
26805,"Copper","Copper",-110.75844,31.83441,5.89216
26806,"Copper","Copper",145.58199,-42.06388,0.882236
26908,"Copper","Copper",123.701254,10.32501,1.197
26914,"Copper","Copper",-134.43958,64.01187,0.156
26927,"Other","Copper",-69.98827,-29.32967,0.370494
26942,"Other","Copper",-120.51361,50.66056,0.785621
26944,"Copper","Copper",22.29587,-29.95431,0.378
26947,"Copper","Copper",-124.64925,50.04154,0.26908
26968,"Copper","Copper",-71.20334,-30.71837,0.1108
26984,"Copper","Copper",-124.03111,55.11806,1.082724
27019,"Copper","Copper",-68.802032,-20.975159,36.3524
27024,"Other","Copper",-117.2976,38.32154,0.602216
27030,"Copper","Copper",80.71594,22.02235,2.81
27033,"Copper","Copper",17.71065,-19.7101,0.306403
27034,"Copper","Copper",67.38389,47.83639,8.013337
27051,"Copper","Copper",137.59608,-34.02121,0.114
27055,"Copper","Copper",-71.60556,-16.52667,24.326139
27058,"Copper","Copper",42.24958,20.11265,0.11
27065,"Copper","Copper",126.32466,-7.70694,0.3547
27069,"Copper","Copper",20.10854,67.8634,1.0014
27083,"Copper","Copper",-126.62,62.69417,1.30928
27104,"Other","Copper",149.57194,-35.06389,0.2002
27115,"Copper","Copper",-77.06248,-9.53663,19.537
27131,"Copper","Copper",-70.49279,-31.71883,28.9
27136,"Nickel","Copper",102.14801,38.49053,3.427
27140,"Copper","Copper",-102.89498,54.65977,0.574702
27143,"Copper","Copper",-90.384295,51.493695,0.59
27144,"Copper","Copper",-127.85639,50.67556,1.668311
27145,"Other","Copper",-81.36667,48.68306,0.377
27146,"Nickel","Copper",-81.36921,46.63706,1.78
27160,"Other","Copper",32.48932,-3.22944,0.17381
27163,"Copper","Copper",139.3632,-19.6949,1.178
27165,"Copper","Copper",148.03306,-32.91,2.452
27166,"Other","Copper",20.36003,64.87148,0.19176
27169,"Nickel","Copper",88.16999,69.28199,31.51
27173,"Copper","Copper",125.97222,7.19167,2.888
27200,"Copper","Copper",17.8104,-29.55074,0.2103
27241,"Copper","Copper",-78.32103,-7.03663,9.777085
27242,"Other","Copper",-70.559,-15.65724,0.378976
27243,"Copper","Copper",139.47806,-20.72167,2.376
27244,"Copper","Copper",-70.288609,-27.515542,8.757
27249,"Copper","Copper",75.81472,28.07763,1.0085
27259,"Other","Copper",-130.33556,56.46666,26.35687
27271,"Other","Copper",-130.16839,56.59346,1.531009
27280,"Copper","Copper",-109.67333,32.96167,19.856443
27283,"Copper","Copper",-68.71781,-20.9669,81
27286,"Other","Copper",18.79971,-29.26053,0.36
27290,"Copper","Copper",-71.9655,19.59347,0.8485
27291,"Copper","Copper",20.9525,67.07611,4.441
27337,"Copper","Copper",-130.25108,57.63654,0.664331
27342,"Copper","Copper",-109.55788,30.31865,15.097357
27345,"Copper","Copper",-74.37179,-12.59139,0.32
27346,"Other","Copper",-76.27574,-10.6957,0.1716
27352,"Copper","Copper",-109.1301,38.12872,0.3571
27378,"Nickel","Copper",30.73034,69.39995,1.574
27385,"Copper","Copper",117.72443,29.0142,4.213
27390,"Copper","Copper",-69.06778,-24.21861,4.096
27449,"Copper","Copper",-136.70166,62.33892,0.312565
27467,"Copper","Copper",116.95789,30.57171,0.262
27470,"Copper","Copper",-74.67023,49.86103,0.1452
27475,"Copper","Copper",127.53889,-18.32167,0.1218
27485,"Copper","Copper",102.82291,3.77109,0.1625
27495,"Copper","Copper",104.13085,49.02198,3.95
27497,"Copper","Copper",130.99641,-12.99191,0.337572
27508,"Copper","Copper",-71.32222,-14.89806,4.08
27523,"Copper","Copper",-68.88333,-22.22722,27
27525,"Copper","Copper",-70.25968,-33.15453,36.5
27530,"Copper","Copper",-71.10057,-30.23507,1.9305
27543,"Copper","Copper",22.10442,44.08947,11.526967
27560,"Other","Copper",-117.17411,41.25858,0.891057
27589,"Copper","Copper",-70.85549,-32.5802,0.129
27616,"Copper","Copper",-70.057,-23.43,1.456
27619,"Copper","Copper",55.86414,29.94747,8.9204
27620,"Copper","Copper",122.31389,-22.20167,1.567
27625,"Other","Copper",-6.24917,37.51917,0.11596
27633,"Copper","Copper",-74.23977,49.74183,0.311
27647,"Copper","Copper",-129.82472,58.25389,0.11
27649,"Copper","Copper",-110.84868,67.37655,0.345
27653,"Copper","Copper",-114.97192,39.25777,1.662873
27655,"Nickel","Copper",27.73351,-21.29955,0.132
27656,"Nickel","Copper",27.77139,-21.2125,0.1953
27672,"Nickel","Copper",-81.06667,46.49222,2.333333
27674,"Copper","Copper",-6.85706,37.77557,2.199
27678,"Copper","Copper",-68.83191,-21.91924,24.327954
27685,"Copper","Copper",25.39984,-10.70667,11.4
27706,"Copper","Copper",-131.45361,57.13556,6.1163
27710,"Copper","Copper",136.26864,-22.64654,0.51352
27725,"Other","Copper",-74.46643,51.01024,0.383244
27730,"Copper","Copper",123.34911,0.31454,2.533
27731,"Copper","Copper",141.73,-4.66,12.6037
27734,"Copper","Copper",137.20078,-31.20076,0.7057
27747,"Other","Copper",-75.72195,-12.31757,0.30661
27752,"Copper","Copper",140.58,-22.09306,0.398461
27762,"Copper","Copper",138.91806,-34.35389,0.119
27779,"Nickel","Copper",30.54972,-2.88889,0.238164
27781,"Copper","Copper",58.11898,52.16338,1.855
27792,"Copper","Copper",121.16721,13.77427,1.727732
27796,"Copper","Copper",117.80817,-20.88066,0.119
27797,"Copper","Copper",-155.2907,59.89854,37.063002
27803,"Other","Copper",72.84667,24.34611,0.274
27804,"Copper","Copper",-72.35104,-14.06751,10.0446
27805,"Copper","Copper",-70.62083,-17.10444,15.462
27806,"Copper","Copper",-79.12339,-6.35783,22.055
27814,"Copper","Copper",178.15715,-18.00585,6.713562
27817,"Copper","Copper",115.64711,29.74772,1.2566
27818,"Copper","Copper",117.593,28.972,0.9132
27825,"Other","Copper",145.44258,-41.79741,0.19758
27826,"Other","Copper",-99.92919,18.30392,0.123558
27830,"Copper","Copper",-39.871,-9.869,2.194
27868,"Copper","Copper",31.12972,-23.99111,2.495041
27910,"Other","Copper",-69.28423,-27.79025,6.25957
27918,"Copper","Copper",120.6225,16.26389,0.459793
27944,"Other","Copper",-78.53194,-6.99417,1.2
27951,"Other","Copper",29.82486,-20.32927,0.122
27952,"Copper","Copper",-79.28313,-6.09492,6.468222
27981,"Copper","Copper",-69.07306,-22.95306,0.9573
28004,"Copper","Copper",145.79889,-31.41083,1.0234
28010,"Copper","Copper",-69.58029,-26.25652,10.9
28026,"Other","Copper",-126.77117,57.05037,0.812838
28032,"Copper","Copper",86.45094,22.5945,1.6332
28037,"Copper","Copper",-130.55489,61.2372,0.1694
28079,"Copper","Copper",-127.09113,53.97923,0.904462
28086,"Copper","Copper",-70.43032,-32.41196,12.141751
28088,"Copper","Copper",55.16742,30.42137,1.0736
28090,"Copper","Copper",59.42166,54.31216,1.709
28091,"Copper","Copper",58.63778,52.6945,1.213
28092,"Copper","Copper",58.49077,51.47743,4.492
28118,"Copper","Copper",-127.69006,54.85341,0.343
28125,"Other","Copper",27.21882,-25.50676,0.187931
28129,"Copper","Copper",122.68167,9.4775,1.599
28222,"Copper","Copper",17.88336,-28.69167,2.595
28228,"Copper","Copper",86.33854,48.29388,0.463715
28237,"Other","Copper",-81.36111,46.41611,0.1434
28244,"Other","Copper",24.07849,42.67973,0.249476
28249,"Copper","Copper",46.70383,38.6961,5.076
28256,"Copper","Copper",-70.31502,-26.55799,5.885
28257,"Copper","Copper",16.257872,51.549699,28.447
28268,"Copper","Copper",28.04472,-12.65889,3.7102
28269,"Copper","Copper",28.23889,-12.53417,6.8255
28272,"Copper","Copper",28.33806,-13.04861,0.362727
28283,"Other","Copper",-101.16138,23.14165,0.235
28286,"Copper","Copper",-14.43333,19.75,0.2024
28295,"Copper","Copper",-69.21,-23.241,5.55
28301,"Copper","Copper",-69.43887,-32.2448,0.932021
28305,"Copper","Copper",-113.40076,28.03895,17.804303
28306,"Copper","Copper",-79.41639,-2.93306,0.234
28308,"Copper","Copper",-77.79725,50.94033,0.235
28337,"Copper","Copper",119.20431,-21.1505,0.17975
28344,"Copper","Copper",-101.05833,55.16192,0.15404
28354,"Nickel","Copper",-7.87547,7.76516,0.278778
28369,"Copper","Copper",-70.25281,-27.49859,2.2
28371,"Copper","Copper",26.18647,-10.58131,30.1394
28375,"Copper","Copper",138.28469,-17.78583,0.4601
28382,"Copper","Copper",-108.19166,26.88337,3.462268
28402,"Copper","Copper",103.81461,22.61552,0.55
28427,"Copper","Copper",-109.64196,28.39708,1.376
28428,"Copper","Copper",140.70306,-20.44306,1.4
28521,"Other","Copper",147.40806,-33.62692,0.56
28526,"Copper","Copper",69.64324,40.81403,4.4735
28530,"Other","Copper",121.45251,16.32712,0.19
28638,"Copper","Copper",77.40416,46.99753,21.669923
28650,"Copper","Copper",-69.33889,-22.84722,6.577
28651,"Copper","Copper",-6.45046,30.35469,0.105
28663,"Copper","Copper",38.93563,15.40432,0.691591
28701,"Copper","Copper",146.00799,-32.42713,0.1245
28703,"Copper","Copper",140.97922,-20.95564,0.563
28704,"Copper","Copper",-68.91492,-22.38213,14.1
28732,"Other","Copper",45.07778,24.29154,0.1066
28755,"Copper","Copper",41.57692,41.24258,0.435
28765,"Copper","Copper",-70.26891,-27.50578,0.3
28810,"Copper","Copper",-70.431,-31.744,25.4
28811,"Copper","Copper",79.98035,46.96519,6.045
28818,"Other","Copper",-78.62975,-6.7613,0.123504
28835,"Other","Copper",-131.0925,56.66667,0.479447
28837,"Copper","Copper",27.76806,-12.29917,2
28842,"Copper","Copper",-69.51083,-23.42889,6.237
28865,"Copper","Copper",-120.99111,50.54222,0.540915
28868,"Copper","Copper",25.82228,-12.23622,10.91
28886,"Copper","Copper",104.13235,49.02027,7.36
28908,"Copper","Copper",-129.80495,57.70019,3.285714
28933,"Other","Copper",-66.06061,47.5918,0.142987
28953,"Copper","Copper",17.51197,-19.27206,0.408001
28955,"Copper","Copper",44.4575,41.36528,0.3
28959,"Copper","Copper",120.82472,16.82972,2.8
28992,"Nickel","Copper",-62.09573,56.33024,0.297
29123,"Copper","Copper",-109.73943,28.56822,0.204482
29139,"Copper","Copper",119.71343,-25.5086,0.15
29152,"Copper","Copper",-69.54394,-28.17662,3.973
29172,"Other","Copper",-130.59894,61.47108,0.1747
29179,"Nickel","Copper",26.97542,67.68559,0.8864
29183,"Copper","Copper",61.53389,57.3845,0.74
29186,"Copper","Copper",-71.00836,-16.90242,2.675831
29188,"Copper","Copper",20.04449,42.05777,0.2884
29191,"Cobalt","Copper",28.21028,-12.83944,0.232
29195,"Other","Copper",81.49301,51.47063,0.107
29221,"Copper","Copper",-66.283,-27.376,6.15
29249,"Other","Copper",30.35547,-18.65857,0.668736
29283,"Copper","Copper",46.13606,39.14443,5.22
29285,"Copper","Copper",117.87684,30.91435,1.129
29291,"Copper","Copper",22.35806,41.66694,0.255
29312,"Copper","Copper",74.29833,51.85389,4.553
29320,"Copper","Copper",-108.12552,27.00509,2.403
29339,"Copper","Copper",140.53306,-21.025,0.24
29346,"Other","Copper",-110.61869,29.88185,0.136304
29357,"Copper","Copper",-49.36667,-14.23306,3.241
29361,"Copper","Copper",-71.25,-15,1.586
29373,"Copper","Copper",-69.62546,18.82574,0.5467
29388,"Copper","Copper",125.05,6.47,15.25
29404,"Other","Copper",-100.14407,18.17569,0.1411
29411,"Copper","Copper",-125.43917,55.92778,0.264909
29415,"Copper","Copper",-120.46389,50.63639,1.502099
29424,"Other","Copper",-80.50761,7.54904,0.43817
29434,"Other","Copper",-105.80934,26.81776,0.7622
29439,"Other","Copper",-8.13534,31.71018,0.131
29441,"Other","Copper",97.29502,23.10908,0.2
29471,"Copper","Copper",-69.86216,-25.8291,0.5699
29488,"Other","Copper",27.23435,-11.76557,0.218541
29506,"Copper","Copper",150.48998,-5.9727,0.309
29508,"Copper","Copper",-67.73582,-24.57255,11.6567
29509,"Other","Copper",-75.991,-13.077,0.2693
29544,"Copper","Copper",146.85025,-31.22489,0.314
29581,"Copper","Copper",-147.13267,63.14772,0.224375
29617,"Copper","Copper",150.01731,-5.7167,1.2
29632,"Other","Copper",16.218225,60.321933,0.113131
29636,"Copper","Copper",-76.67487,1.24398,3.447299
29649,"Copper","Copper",-112.35303,34.03939,0.5642
29658,"Nickel","Copper",-69.64167,59,0.195753
29728,"Copper","Copper",-127.431,53.802,3.235925
29729,"Copper","Copper",-125.97944,49.25667,1.224
29730,"Copper","Copper",-126.33186,55.19528,1.035324
29735,"Other","Copper",116.411,25.186,1.119915
29739,"Copper","Copper",117.28385,30.44341,0.106
29743,"Copper","Copper",97.735,31.412,4.98
29744,"Copper","Copper",101.65,24.10231,0.519726
29761,"Copper","Copper",-110.48932,32.7532,2.191757
29765,"Copper","Copper",-79.03361,49.79377,0.182
29799,"Other","Copper",-125.57556,54.86,0.159
29814,"Other","Copper",-59.47098,-10.05674,0.1903
29829,"Copper","Copper",25.43861,-10.69861,1.6717
29924,"Copper","Copper",-101.46579,24.69588,1.092
29980,"Other","Copper",83.54056,50.36,0.75
29989,"Copper","Copper",27.94981,-13.96021,0.702
30022,"Other","Copper",23.70292,40.47288,1.222
30025,"Copper","Copper",-69.269,-22.77766,9.854
30058,"Copper","Copper",58.12736,52.16926,1.759
30148,"Copper","Copper",-68.44326,-17.18672,0.1128
30245,"Copper","Copper",-126.67611,56.60806,0.1339
30254,"Copper","Copper",60.93238,53.21406,2.1105
30256,"Other","Copper",-79.84067,-3.56373,0.4046
30261,"Other","Copper",82.19627,51.19907,0.364
30270,"Copper","Copper",-78.66162,0.32124,16.92
30277,"Copper","Copper",81.20347,49.67436,0.534
30325,"Copper","Copper",-78.66614,-6.72277,2.26796
30326,"Copper","Copper",-102.008,22.5886,1.309
30327,"Copper","Copper",103.0599,26.1788,0.2899
30340,"Copper","Copper",-69.88277,-22.63801,3
30466,"Cobalt","Copper",27.4398,-11.51357,0.118024
30469,"Copper","Copper",-6.56167,37.70233,1.398106
30486,"Copper","Copper",58.63872,52.69235,0.281
30492,"Copper","Copper",-77.67585,-8.60713,0.880899
30495,"Copper","Copper",29.15844,-13.93222,0.196
30526,"Copper","Copper",-101.42974,24.61056,0.282958
30531,"Copper","Copper",100.12411,34.38696,0.595
30555,"Copper","Copper",-68.82088,-23.4086,1.6
30560,"Copper","Copper",-114.77983,41.78048,0.736066
30584,"Other","Copper",-78.66712,-6.72854,6.188655
30611,"Copper","Copper",-78.31874,-6.97216,4.3
30654,"Copper","Copper",114.83778,29.99972,0.314
30656,"Copper","Copper",106.66846,41.27074,0.423636
30658,"Copper","Copper",116.79934,28.29898,0.17
30665,"Copper","Copper",88.75129,46.75254,0.1352
30684,"Copper","Copper",-56.02503,49.58268,0.172
30707,"Other","Copper",30.10589,-24.95532,0.152392
30738,"Copper","Copper",41.16796,43.82096,0.707
30745,"Copper","Copper",59.38086,54.09599,0.255
30749,"Copper","Copper",59.44685,51.56134,0.238
30753,"Copper","Copper",59.46476,50.64799,0.351
30755,"Copper","Copper",59.84,58.15194,1.005
30844,"Copper","Copper",-77.7743,-8.22022,0.9451
30849,"Copper","Copper",-91.8178,47.75014,1.47
30884,"Copper","Copper",27.00861,-11.16833,0.475434
30897,"Copper","Copper",-8.71439,29.48407,0.122
30900,"Nickel","Copper",-96.72627,62.89523,0.6372
30956,"Other","Copper",-101.03096,21.07687,0.360201
30961,"Copper","Copper",26.76318,-11.01368,0.3109
30962,"Other","Copper",55.00534,31.47662,0.4344
30969,"Copper","Copper",28.32583,-13.06861,1.06209
30971,"Copper","Copper",-68.76152,-21.98954,9.93
30972,"Copper","Copper",-69.061,-22.972,17.442
30986,"Copper","Copper",62.11556,29.13928,20.8
31013,"Copper","Copper",139.84691,-21.36211,0.3549
31034,"Other","Copper",-136.362867,59.375805,0.149459
31039,"Copper","Copper",23.17051,46.31438,3.6
31044,"Copper","Copper",-70.79822,-28.73223,3.4295
31067,"Copper","Copper",-69.66439,-28.47488,31.746
31098,"Other","Copper",-79.83333,-3.5,1.201565
31117,"Copper","Copper",-69.96722,-34.13167,1.563523
31118,"Copper","Copper",-73.12006,-14.16517,7.17265
31156,"Other","Copper",-106.229,28.96518,0.2945
31214,"Copper","Copper",44.84465,41.08723,1.656
31215,"Copper","Copper",46.18833,38.92194,0.133
31223,"Copper","Copper",-50.06858,-6.41806,6.24275
31239,"Other","Copper",145.88488,-6.11039,1.80821
31300,"Copper","Copper",-78.43472,-3.57722,4.69
31336,"Other","Copper",26.28702,66.26051,0.469014
31481,"Other","Copper",-78.13652,-7.89498,2.789
31528,"Copper","Copper",106.76762,43.03304,39.716
31591,"Copper","Copper",101.95571,26.22489,0.2258
31640,"Nickel","Copper",127.78308,-26.08169,1.9282
31649,"Copper","Copper",117.72755,29.01539,2.57
31651,"Other","Copper",-76.4154,-11.0368,0.2768
31662,"Copper","Copper",125.54861,9.59972,3.235472
31715,"Nickel","Copper",-74.1375,61.420856,0.4262
31761,"Copper","Copper",-91.74651,47.80151,11.68
31804,"Copper","Copper",140.1502,-20.33749,1.932302
31937,"Copper","Copper",-110.66908,31.1752,1.044
32004,"Copper","Copper",118.9554,-27.15456,0.162
32075,"Copper","Copper",28.93778,-13.17361,1.77
32081,"Nickel","Copper",30.0922,-5.90009,0.11
32142,"Copper","Copper",139.10824,-19.91025,0.374181
32169,"Copper","Copper",-70.21264,-22.38127,0.55
32184,"Nickel","Copper",-146.29058,63.27641,1.904179
32233,"Copper","Copper",135.5749,-29.72,1.443
32322,"Copper","Copper",-50.57661,-6.02752,2.3448
32341,"Copper","Copper",139.38889,-19.47667,0.22
32354,"Copper","Copper",-81.39866,46.63626,0.423781
32385,"Copper","Copper",148.86782,-33.05198,0.52
32422,"Copper","Copper",-74.949329,-15.120947,2.341
32443,"Copper","Copper",106.18035,44.03619,4.744439
32447,"Copper","Copper",26.89758,-14.76256,0.1546
32508,"Copper","Copper",-70.90254,-29.72764,0.2148
32617,"Other","Copper",29.60417,-24.32333,0.104346
32625,"Other","Copper",37.51022,15.50975,0.7589
32770,"Copper","Copper",-70.675,-34.24583,1.880574
32780,"Copper","Copper",106.87889,43.05806,9.66151
32791,"Copper","Copper",-109.50598,28.96949,4.16
32856,"Copper","Copper",91.74528,29.71231,6.77007
32861,"Copper","Copper",88.42823,29.36417,2.91436
32917,"Copper","Copper",28.47,-12.72778,3.2868
32931,"Copper","Copper",-102.58688,22.80241,0.371
32935,"Other","Copper",149.02615,-32.42071,1.414
32945,"Copper","Copper",59.8514,60.80788,0.507
33004,"Other","Copper",21.43939,42.79778,1.282155
33051,"Copper","Copper",-156.38731,67.19057,4.031526
33083,"Copper","Copper",139.00782,-35.09049,0.1601
33103,"Copper","Copper",25.92778,-10.65111,1.161
33190,"Copper","Copper",58.29806,51.99961,0.345
33208,"Copper","Copper",102.91194,18.88278,1.0891
33214,"Other","Copper",88.70213,69.03354,0.4004
33238,"Copper","Copper",-72.2389,-16.03865,1.8315
33273,"Copper","Copper",-69.54861,-28.43583,6.21
33299,"Copper","Copper",125.88098,50.2062,0.3298
33305,"Copper","Copper",-130.253572,56.219469,0.803992
33336,"Copper","Copper",140.52496,-31.73355,1.0966
33340,"Copper","Copper",27.56361,-11.36417,1.418313
33364,"Copper","Copper",144.03331,-18.53135,0.1874
33371,"Copper","Copper",-70.48096,-31.4813,14.455977
33372,"Copper","Copper",115.79878,29.68666,1.7577
33381,"Copper","Copper",-107.98965,27.09358,0.226311
33382,"Nickel","Copper",-95.60953,50.6298,0.149549
33386,"Nickel","Copper",94.6056,42.26456,0.25792
33413,"Copper","Copper",118.539,51.479,1.99
33414,"Copper","Copper",-71.709748,-14.510143,1.8386
33433,"Copper","Copper",-70.01095,-26.49361,2.181
33455,"Copper","Copper",137.85694,-33.78778,0.291
33459,"Copper","Copper",-127.08333,53.63333,0.977944
33467,"Copper","Copper",-72.34848,-14.16924,6.3
33483,"Other","Copper",-71.22733,54.64853,0.181
33487,"Copper","Copper",-70.29141,-26.39801,0.6642
33492,"Other","Copper",-115.78327,44.03068,3.283462
33500,"Copper","Copper",-108.20778,32.73713,0.395361
33508,"Copper","Copper",-70.32075,-32.56398,10.2
33512,"Copper","Copper",-72.38603,-13.78154,3.045417
33521,"Copper","Copper",-51.43771,-6.86619,0.50393
33600,"Other","Copper",-71.29847,19.09639,0.134173
33603,"Other","Copper",-70.99949,-15.57892,0.279837
33643,"Other","Copper",149.01274,-33.46484,7.3
33714,"Other","Copper",115.95083,-8.78556,0.180225
33732,"Copper","Copper",45.95237,38.99349,1.686
33791,"Copper","Copper",125.78183,50.24677,5.993002
33809,"Copper","Copper",27.26444,-11.59972,1.373
33810,"Copper","Copper",27.968,-12.722,0.43685
33832,"Nickel","Copper",-39.71144,-14.18902,0.4641
33838,"Copper","Copper",137.49426,-31.2196,5.535
33964,"Copper","Copper",99.10837,28.91378,3
33986,"Copper","Copper",22.13243,44.01284,22.552486
34032,"Copper","Copper",-70.16865,-31.08139,16.155586
34073,"Copper","Copper",59.10771,50.4824,0.83
34077,"Other","Copper",-6.86091,37.54808,0.589
34100,"Copper","Copper",140.934087,-32.25667,0.195
34124,"Other","Copper",22.91125,46.15814,0.650665
34141,"Cobalt","Copper",26.31218,-10.75918,2.6154
34165,"Other","Copper",-72.91361,7.37917,0.106004
34218,"Nickel","Copper",132.41,55.35,0.3774
34220,"Other","Copper",32.75207,67.90437,0.170884
34228,"Copper","Copper",18.58411,-22.24472,0.1125
34232,"Copper","Copper",-71.85633,-12.9539,2.109203
34239,"Copper","Copper",-101.62052,54.76625,0.167149
34259,"Copper","Copper",-71.77417,-17.01808,2.962591
34296,"Copper","Copper",91.60823,29.59321,25.614873
34309,"Other","Copper",-75.811,6.063,0.577876
34436,"Copper","Copper",140.05065,-21.25909,0.234965
34448,"Copper","Copper",133.65595,-20.00537,0.13335
34484,"Copper","Copper",28.70095,-12.98059,0.304
34531,"Other","Copper",-8.38145,38.21089,0.1223
34576,"Other","Copper",23.97944,67.55472,0.459
34676,"Copper","Copper",-155.04341,67.06958,0.134031
34678,"Copper","Copper",-71.09797,-31.38344,0.71
34740,"Copper","Copper",-129.1514,58.49583,0.621421
34786,"Copper","Copper",26.80107,39.92093,0.904
34844,"Nickel","Copper",89.68172,46.75109,0.427437
34913,"Other","Copper",45.7939,40.57911,0.171941
34974,"Copper","Copper",14.08184,-11.00155,0.183845
35029,"Other","Copper",14.32737,63.04408,0.562908
35039,"Copper","Copper",96.58139,53.43944,3.3794
35050,"Copper","Copper",140.03602,-20.80614,0.166704
35056,"Copper","Copper",-125.271268,55.415303,0.502263
35094,"Nickel","Copper",95.46243,54.89897,1.088471
35130,"Copper","Copper",85.20833,48.5,0.1875
35150,"Copper","Copper",-120.51667,49.63333,0.2698
35201,"Copper","Copper",-69.95175,-26.84135,0.156
35261,"Copper","Copper",61.44566,54.79744,1.584
35273,"Other","Copper",72.769,42.551,0.75927
35274,"Copper","Copper",15.94688,51.60977,4.536
35291,"Copper","Copper",100.51965,22.79228,0.4234
35300,"Copper","Copper",-36.56826,-9.67722,0.546
35305,"Other","Copper",-79.81236,-4.07973,0.22
35311,"Copper","Copper",125.54722,9.61306,0.539139
35320,"Copper","Copper",25.97536,-10.77722,4.3051
35321,"Copper","Copper",86.43148,22.56349,0.3252
35347,"Copper","Copper",-79.24296,-1.30865,0.2079
35371,"Other","Copper",-102.93556,19.12778,0.419514
35382,"Copper","Copper",111.61635,35.33188,2.7886
35394,"Copper","Copper",-110.73899,31.38327,0.124
35428,"Copper","Copper",-69.86444,-25.83389,0.242256
35477,"Other","Copper",-152.64556,61.97191,0.608267
35497,"Other","Copper",99.20846,43.9806,0.333345
35515,"Other","Copper",-103.73476,25.06063,0.579813
35520,"Nickel","Copper",30.7631,69.38,0.2184
35555,"Copper","Copper",-118.01401,38.38007,0.465249
35665,"Copper","Copper",61.77052,51.20602,1.561
35686,"Nickel","Copper",-86.3038,52.74202,0.2105
35707,"Copper","Copper",99.98972,28.03861,2.8405
35734,"Copper","Copper",29.24056,-8.30028,0.2446
35755,"Copper","Copper",117.761,28.196,0.3813
35786,"Copper","Copper",111.8046,23.74374,0.389
35820,"Copper","Copper",149.703265,-33.880816,1.034125
35864,"Copper","Copper",-75.7475,5.76389,4.256054
35878,"Other","Copper",119.0621,42.92318,0.346
35904,"Other","Copper",114.04245,-8.61903,8.534
35914,"Copper","Copper",53.828,31.562,1.074032
35948,"Copper","Copper",27.86133,-12.62995,1.026137
35997,"Copper","Copper",-70.25873,-27.45639,1.1
36005,"Copper","Copper",-100.0318,54.91567,0.279999
36010,"Other","Copper",76.26004,51.79387,0.61509
36026,"Copper","Copper",22.83333,-20.96667,6.406814
36038,"Copper","Copper",127.48944,-18.43861,0.285
36042,"Other","Copper",29.74944,-24.38972,0.179328
36079,"Other","Copper",20.64239,43.05608,0.321
36089,"Copper","Copper",-119.77009,51.53346,3.5451
36096,"Other","Copper",41.94236,41.12659,0.11
36112,"Other","Copper",117.35577,52.84492,0.104
36127,"Copper","Copper",25.14786,-12.23238,3.095
36180,"Copper","Copper",-72.93721,-14.49112,3.53081
36194,"Copper","Copper",25.375,-10.74278,6.798
36221,"Nickel","Copper",-93.11959,46.67296,0.125327
36235,"Other","Copper",134.06116,-19.57538,0.711925
36240,"Copper","Copper",142.60442,-37.6054,0.210013
36267,"Other","Copper",22.83795,41.48496,0.548166
36272,"Copper","Copper",137.86799,-34.54807,1.897
36331,"Nickel","Copper",88.15068,69.25502,1.0988
36399,"Copper","Copper",27.58222,-11.63472,0.460243
36412,"Copper","Copper",17.926846,-21.817705,0.741023
36543,"Copper","Copper",148.0414,-32.36244,0.293
36601,"Other","Copper",122.19528,-20.78889,0.1728
36680,"Copper","Copper",120.85889,17.39222,0.2
36836,"Copper","Copper",54.94882,30.53786,0.228966
36857,"Copper","Copper",-89.99388,46.67135,1.668311
36877,"Other","Copper",-76.45007,-11.22351,0.5728
36893,"Other","Copper",-60.05282,6.4514,0.136494
36897,"Copper","Copper",-70.29064,-33.15403,49.653
36898,"Copper","Copper",-70.26394,-33.130193,10.283
36904,"Copper","Copper",-111.85823,34.48174,0.126
36915,"Copper","Copper",-71.38375,-14.96037,1.888
36928,"Copper","Copper",25.76917,-10.78417,4.602
36981,"Copper","Copper",-109.63333,30.33333,0.36955
36996,"Copper","Copper",136.8926,49.8929,5.65
37007,"Copper","Copper",-76.40917,-10.18583,0.294
37020,"Other","Copper",28.1728,65.94479,0.128638
37051,"Copper","Copper",116.36996,25.17114,0.1729
37176,"Copper","Copper",-69.14954,-23.15761,1.9
37196,"Copper","Copper",-102.034,19.085,2.910671
37280,"Copper","Copper",119.78341,42.38458,0.109
37309,"Copper","Copper",-111.03676,31.89333,1.179339
37427,"Copper","Copper",24.19536,70.46244,0.6673
37465,"Copper","Copper",25.99528,-10.64,0.459
37530,"Copper","Copper",-72.96481,-14.34437,1.23
37567,"Copper","Copper",-122.08953,46.35542,1.88
37573,"Copper","Copper",117.94639,44.24583,0.16
37659,"Copper","Copper",-69.57296,-28.345746,12.065547
37709,"Copper","Copper",103.27598,19.43602,0.348
37718,"Copper","Copper",-110.04162,32.08083,2.462551
37792,"Copper","Copper",-160.68448,55.62409,0.572433
37811,"Other","Copper",43.85996,18.13487,0.11993
38012,"Other","Copper",-75.7212,5.92725,0.150065
38024,"Copper","Copper",27.01722,-11.17889,0.1654
38114,"Copper","Copper",74.97089,46.973,0.616946
38132,"Copper","Copper",25.21661,-11.01911,0.237
38134,"Copper","Copper",25.24033,-10.80885,42.029
38217,"Copper","Copper",101.68114,28.44113,0.18
38296,"Copper","Copper",141.08552,-5.01101,0.84
38359,"Nickel","Copper",-81.34988,46.42944,0.2493
38405,"Copper","Copper",-72.974533,-15.68088,0.185
38500,"Other","Copper",28.95904,-24.08375,1.364
38518,"Copper","Copper",-66.19767,-21.98773,0.62
38530,"Copper","Copper",-70.24843,-33.16938,5.355
38535,"Copper","Copper",-81.38333,46.41667,0.352637
38624,"Copper","Copper",26.75694,67.54722,1.176
38642,"Other","Copper",117.377,-8.965,5.871
38645,"Other","Copper",144.38727,-17.11058,0.1035
38654,"Copper","Copper",25.80972,-10.78667,5.8
38696,"Copper","Copper",22.45866,-21.21462,0.70978
38739,"Other","Copper",26.61915,40.01958,0.346942
38757,"Copper","Copper",-104.40218,29.804,0.116
38760,"Copper","Copper",-106.36539,38.56692,1.50139
38769,"Copper","Copper",107.79282,44.0794,0.426
38884,"Copper","Copper",113.41527,-0.59885,0.228
39107,"Copper","Copper",-71.02506,-31.3595,0.4966
39247,"Copper","Copper",108.34512,43.84721,1.451496
39337,"Copper","Copper",-69.77356,-21.92171,1.437
39443,"Copper","Copper",-69.52132,-30.55137,1.885177
39842,"Copper","Copper",62.157,29.15122,0.69
39867,"Copper","Copper",81.80194,41.77194,0.25644
39997,"Copper","Copper",17.31674,-22.29839,0.2733
40171,"Copper","Copper",-71.01222,-29.82639,0.109
40180,"Copper","Copper",-50.098505,-6.593918,0.351
40306,"Copper","Copper",164.4372,66.57871,10.1
40370,"Copper","Copper",-8.31871,42.87757,0.6811
40393,"Copper","Copper",-78.33074,0.75396,14.395
40423,"Other","Copper",116.40917,25.18472,0.1034
40476,"Copper","Copper",-70.69725,-29.44587,0.151
40553,"Other","Copper",28.88636,-23.38958,0.3648
40561,"Copper","Copper",27.82306,-12.51028,1.444
40603,"Copper","Copper",151.86251,-25.66125,0.102677
40611,"Copper","Copper",-49.65488,-6.06412,0.101934
40623,"Copper","Copper",-71.89278,-14.14694,0.270976
40771,"Copper","Copper",115.12726,28.46297,0.12178
40831,"Nickel","Copper",41.21899,51.14126,0.1005
41092,"Copper","Copper",122.81339,14.11087,0.2268
41158,"Copper","Copper",-75.73455,7.73978,0.788333
41351,"Copper","Copper",-70.1603,-26.40257,0.4456
41604,"Other","Copper",41.85754,40.98296,0.139706
41629,"Copper","Copper",25.90694,-10.66667,0.69
41641,"Other","Copper",-117.94917,38.78167,0.391949
41676,"Copper","Copper",20.24333,65.77111,2.193
41892,"Copper","Copper",15.655307,51.222679,1.269
42013,"Other","Copper",17.38882,63.74861,0.173
49624,"Copper","Copper",57.10429,29.41564,0.66996
49795,"Copper","Copper",-78.29857,-3.18012,7.3
49852,"Copper","Copper",-129.94256,57.81497,0.313113
49876,"Copper","Copper",-96.47114,19.63717,0.211827
49881,"Copper","Copper",116.61413,-30.96603,3.0325
49908,"Copper","Copper",46.65,38.8167,0.4784
49909,"Copper","Copper",52.46855,32.92963,0.228566
50174,"Copper","Copper",28.30593,-13.0882,0.1998
50879,"Other","Copper",-79.00953,48.25425,0.223844
50910,"Other","Copper",28.59208,39.35873,0.22941
50998,"Copper","Copper",78.47157,44.47656,3.82
51144,"Other","Copper",14.45662,65.09086,0.1113
51248,"Copper","Copper",14.47183,51.56068,1.912681
52115,"Copper","Copper",-78.87287,49.75193,0.2513
52294,"Copper","Copper",-70.225034,-23.180447,0.916044
52298,"Copper","Copper",15.98956,67.1594,0.181
52424,"Copper","Copper",-131.5882,58.20227,1.214719
52679,"Other","Copper",117.76318,-26.84258,0.3097
53496,"Other","Copper",105.66921,21.64876,0.1785
53540,"Copper","Copper",28.109821,-12.369941,1.909
54116,"Copper","Copper",19.403638,65.303223,0.114
56595,"Copper","Copper",-69.86656,-29.13005,10.29
57088,"Copper","Copper",146.31607,-6.78544,0.762
59436,"Copper","Copper",-121.465,52.172,0.683609
60136,"Copper","Copper",137.249,-30.97648,8.84
61027,"Copper","Copper",102,37.41663,0.12
62900,"Copper","Copper",111.6664,35.32716,0.5645
64625,"Copper","Copper",57.99598,22.7641,0.139
65155,"Copper","Copper",142.657,-5.424,0.8015
65499,"Copper","Copper",24.778,-12.249,0.156
65585,"Other","Copper",-69.87465,-29.20134,0.141792
66851,"Copper","Copper",-49.76387,-6.37661,0.8017
67305,"Copper","Copper",46.77373,40.15469,0.275
67575,"Copper","Copper",96.57,4.479,2.439
67927,"Copper","Copper",-6.29828,30.93157,0.37
74770,"Copper","Copper",-120.76776,40.19684,0.248115
75553,"Copper","Copper",-77.19057,-10.5352,1.016568
76416,"Other","Copper",-99.78599,18.04308,0.557465
76445,"Copper","Copper",140.45284,-31.43011,0.1014
76522,"Copper","Copper",-69.88836,-28.6304,16.2
77286,"Copper","Copper",-8.4244,30.19781,1.375
77290,"Copper","Copper",118.58333,56.83306,0.301
77573,"Other","Copper",62.19611,53.57889,0.111258
78117,"Copper","Copper",42.15139,38.08644,0.958
78548,"Cobalt","Copper",13.72737,-17.84307,0.98
78612,"Copper","Copper",25.46219,-10.72678,1.429695
79248,"Other","Copper",-130.17567,57.73666,2.173159
79282,"Copper","Copper",-70.99975,-29.69974,0.352623
79311,"Copper","Copper",152.49234,-29.5016,0.113667
79624,"Copper","Copper",24.97147,-10.8542,9.371
79831,"Copper","Copper",-51.019,-6.74375,0.415
80697,"Copper","Copper",115.43222,29.81167,0.195716
80699,"Copper","Copper",114.93367,30.08048,0.35
80814,"Copper","Copper",111.6165,35.3199,0.1123
80815,"Copper","Copper",99.6937,24.42348,0.1329
80821,"Copper","Copper",102.00083,26.32052,0.104
80830,"Copper","Copper",103.7894,36.03636,0.1056
80847,"Other","Copper",30.73198,-17.15316,0.1811
81110,"Copper","Copper",26.97029,-11.13497,0.105687
81176,"Copper","Copper",-69.33889,-22.88056,0.368
81212,"Copper","Copper",100.83733,36.97275,0.1624
81538,"Copper","Copper",-75.05569,-12.68264,0.761
81602,"Copper","Copper",25.56316,-10.71226,0.27
81611,"Copper","Copper",-69.93179,-29.10157,3.4
81612,"Copper","Copper",-69.86502,-22.83364,3.2
81845,"Copper","Copper",-69.9875,-26.97455,0.85
81867,"Copper","Copper",150.72452,-23.9901,2
81935,"Copper","Copper",26.59831,-10.85755,0.2732
82794,"Copper","Copper",25.91522,-13.18127,0.2142
82806,"Copper","Copper",-78.95923,-4.50771,1.68
83063,"Copper","Copper",121.74839,-20.73389,2.946
83084,"Copper","Copper",-53.53127,-30.52202,0.10895
83111,"Other","Copper",-110.0277,45.41492,0.226342
83353,"Copper","Copper",13.84833,-18.60941,0.119256
83502,"Other","Copper",118.95481,45.25727,0.127593
83603,"Copper","Copper",116.21812,43.86869,0.15
83765,"Other","Copper",-6.31663,37.52206,0.1421
83839,"Copper","Copper",-120.47141,49.75382,1.09225
84280,"Copper","Copper",-79.36719,-4.90834,11.3189
84440,"Copper","Copper",-113.96967,34.88367,0.253
84636,"Copper","Copper",118.43577,-8.84767,17.25
84673,"Copper","Copper",34.95032,19.6867,1.0872
84717,"Other","Copper",116.21078,-31.52158,0.54
85092,"Copper","Copper",15.67141,-23.30954,0.1901
85137,"Other","Copper",-7.30548,37.6813,0.145
85882,"Copper","Copper",121.06112,17.34581,1.592
86290,"Copper","Copper",-71.39858,-16.7197,0.385
86347,"Copper","Copper",-70.15582,-26.79809,0.116
86791,"Copper","Copper",-77.913372,-9.19956,0.2138
87180,"Copper","Copper",41.32292,21.13183,0.3156
87382,"Copper","Copper",74.41168,49.20926,0.198
87659,"Copper","Copper",-108.0881,37.40603,0.5493
87825,"Copper","Copper",-124.64777,50.06201,0.269
87855,"Copper","Copper",-110.06232,32.12801,0.360174
87919,"Copper","Copper",-49.73784,-6.47474,0.12
87923,"Copper","Copper",45.80786,40.76539,1.0161
87924,"Copper","Copper",46.79649,40.16454,0.238966
88124,"Copper","Copper",-111.81764,32.95488,5.762165
88308,"Copper","Copper",-7.03104,38.4403,0.122
88337,"Copper","Copper",28.15931,-12.41659,0.153
88557,"Nickel","Copper",123.19341,-29.92666,0.161
88718,"Copper","Copper",-70.08488,-26.45059,1.120372
89162,"Copper","Copper",-112.49364,30.0775,0.3
89789,"Copper","Copper",-78.74429,-7.72767,1.1
90212,"Copper","Copper",-94.07454,73.64593,0.164064
90920,"Copper","Copper",123.36588,10.77387,1.225
91077,"Copper","Copper",87.4689,29.65531,2.938553
91213,"Copper","Copper",-109.64714,28.38986,1.212693
91248,"Copper","Copper",127.67356,-25.77351,0.27
91255,"Copper","Copper",-129.98911,58.18777,0.12882
91323,"Copper","Copper",82.46386,50.46616,0.236
91355,"Copper","Copper",-109.22489,28.38074,0.110917
91617,"Copper","Copper",-121.69155,54.85559,0.35881
91641,"Other","Copper",21.91269,44.21343,0.863186
91679,"Nickel","Copper",127.44134,-1.57388,0.19
91785,"Copper","Copper",25.56141,-12.31337,0.515
91805,"Copper","Copper",-50.2418,-6.0238,8.2546
91867,"Copper","Copper",-117.06139,67.67758,0.123
91900,"Copper","Copper",-70.89264,-28.97368,1.16056
92471,"Copper","Copper",9.96453,51.03153,0.169
92580,"Copper","Copper",-49.99087,-5.91678,2.1059
92589,"Copper","Copper",-69.89009,-23.10185,0.290299
92590,"Copper","Copper",-126.9903,54.01173,0.904462
92689,"Copper","Copper",81.96067,50.51846,0.241
92800,"Copper","Copper",100.25184,44.76119,0.185024
92827,"Copper","Copper",15.06594,51.62793,0.273
93171,"Copper","Copper",-117.28213,38.3185,0.666821
93172,"Copper","Copper",-91.8742,47.68251,1.135376
93726,"Copper","Copper",12.14194,58.92318,0.447
93752,"Copper","Copper",15.81733,51.83723,10.96
93891,"Copper","Copper",15.57104,52.08974,4.27
93898,"Copper","Copper",17.68105,51.58612,3.728
93949,"Copper","Copper",117.98035,30.9097,0.298282
24927,"Copper","Nickel",-91.87293,47.64812,2.8344
25816,"Nickel","Nickel",-78.44274,48.64244,5.720702
25979,"Other","Nickel",-89.61886,49.15774,0.0514
26275,"Nickel","Nickel",-139.53333,61.46667,1.435029
26560,"Nickel","Nickel",-97.88904,55.70728,0.51
26634,"Nickel","Nickel",-70.31184,18.90102,1.12
26731,"Nickel","Nickel",125.52944,9.28333,0.796083
27064,"Nickel","Nickel",122.24268,-28.6103,0.148
27077,"Nickel","Nickel",120.545,-27.23056,2.8024
27096,"Nickel","Nickel",-81.30323,46.43266,0.149406
27116,"Nickel","Nickel",116.86815,-20.98235,0.05108
27118,"Nickel","Nickel",125.61056,9.83278,1.584
27136,"Nickel","Nickel",102.14801,38.49053,5.502
27143,"Copper","Nickel",-90.384295,51.493695,0.095
27146,"Nickel","Nickel",-81.36921,46.63706,2.08
27169,"Nickel","Nickel",88.16999,69.28199,16.94
27179,"Nickel","Nickel",119.99736,15.77039,0.597835
27307,"Nickel","Nickel",-101.03294,56.82115,0.1168
27363,"Nickel","Nickel",121.37506,-2.56798,19.480722
27378,"Nickel","Nickel",30.73034,69.39995,3.204
27453,"Nickel","Nickel",28.13444,-15.92333,0.059825
27497,"Copper","Nickel",130.99641,-12.99191,0.059556
27512,"Nickel","Nickel",-7.91147,7.86926,3.81
27531,"Nickel","Nickel",104.32642,21.1902,0.4858
27555,"Nickel","Nickel",120.5775,-27.4555,2.333
27634,"Other","Nickel",165.68456,-21.41856,21.157
27655,"Nickel","Nickel",27.73351,-21.29955,0.108
27656,"Nickel","Nickel",27.77139,-21.2125,0.2415
27672,"Nickel","Nickel",-81.06667,46.49222,1.922222
27742,"Nickel","Nickel",166.96852,-22.29309,2.633
27779,"Nickel","Nickel",30.54972,-2.88889,1.74175
27786,"Nickel","Nickel",117.54111,-20.81389,0.0992
27809,"Nickel","Nickel",129.87477,-0.45095,3.79
27947,"Nickel","Nickel",-104.51322,60.24933,0.163338
27950,"Nickel","Nickel",-48.43889,-14.41936,0.39
27951,"Other","Nickel",29.82486,-20.32927,0.1524
28013,"Nickel","Nickel",-74.86241,20.62977,4.093
28019,"Nickel","Nickel",-67.11778,10.15,0.16624
28021,"Nickel","Nickel",-48.33885,-14.15678,0.142
28109,"Nickel","Nickel",-49.89832,-6.48876,1.555
28125,"Other","Nickel",27.21882,-25.50676,0.374712
28247,"Nickel","Nickel",120.37889,-26.92306,1.224
28251,"Nickel","Nickel",-89.395,15.525,0.673
28308,"Copper","Nickel",-77.79725,50.94033,0.072
28354,"Nickel","Nickel",-7.87547,7.76516,0.334751
28364,"Nickel","Nickel",31.2812,-17.33176,0.127
28380,"Nickel","Nickel",23.57806,38.65722,2.47638
28395,"Nickel","Nickel",122.15,-29.04667,0.1033
28543,"Nickel","Nickel",-51.09138,-6.57399,2.2998
28584,"Nickel","Nickel",-75.682802,7.765306,2.525
28629,"Nickel","Nickel",-74.93079,20.60979,2.0209
28725,"Nickel","Nickel",121.89354,-28.76913,2.536
28739,"Nickel","Nickel",120.49155,-32.20749,0.052
28852,"Nickel","Nickel",121.68711,-4.22492,2.69
28992,"Nickel","Nickel",-62.09573,56.33024,0.626
29079,"Nickel","Nickel",122.01041,-27.62199,0.102527
29156,"Nickel","Nickel",125.71593,9.77447,0.105
29157,"Nickel","Nickel",125.81704,9.53,1.185
29179,"Nickel","Nickel",26.97542,67.68559,0.6089
29249,"Other","Nickel",30.35547,-18.65857,0.919425
29335,"Nickel","Nickel",121.14611,-30.37056,1.2193
29416,"Nickel","Nickel",121.64818,-30.39494,0.222198
29552,"Nickel","Nickel",126.4274,42.89957,0.24
29556,"Nickel","Nickel",139.084,-2.27637,0.561
29586,"Nickel","Nickel",-98.66201,54.9154,0.050194
29592,"Nickel","Nickel",121.71611,-28.67722,1.492
29601,"Nickel","Nickel",146.774,-41.21855,0.144378
29658,"Nickel","Nickel",-69.64167,59,0.076611
29854,"Nickel","Nickel",122.15144,-30.47429,0.11
29881,"Nickel","Nickel",29.771,-19.154,0.200404
29911,"Nickel","Nickel",123.05745,-29.14276,0.192
30070,"Nickel","Nickel",149.83267,-22.94832,0.647
30130,"Nickel","Nickel",120.30111,-33.60389,0.1549
30273,"Nickel","Nickel",127.96233,0.50983,20.825
30428,"Nickel","Nickel",48.30255,-18.8604,2.28109
30481,"Nickel","Nickel",121.13833,13.05333,2.926
30532,"Other","Nickel",30.10813,-24.51093,0.125307
30696,"Nickel","Nickel",121.18658,-30.14858,5.079
30707,"Other","Nickel",30.10589,-24.95532,0.301087
30807,"Nickel","Nickel",117.89098,8.91879,0.452
30825,"Nickel","Nickel",-128.86282,58.47856,5.702
30849,"Copper","Nickel",-91.8178,47.75014,0.471
30900,"Nickel","Nickel",-96.72627,62.89523,0.3943
30976,"Nickel","Nickel",148.91961,-9.54682,0.891
31000,"Nickel","Nickel",148.05229,-34.17786,0.589
31041,"Nickel","Nickel",-49.040358,-15.108276,0.994
31055,"Nickel","Nickel",-89.64664,15.44143,1.541187
31089,"Nickel","Nickel",121.60422,-4.23359,9.04356
31334,"Other","Nickel",127.81111,-17.79389,0.185
31336,"Other","Nickel",26.28702,66.26051,0.198673
31466,"Nickel","Nickel",128.95332,-26.05756,1.697505
31518,"Nickel","Nickel",-81.85949,46.33418,0.07575
31564,"Nickel","Nickel",-80.90953,47.97596,0.5226
31631,"Other","Nickel",145.20302,-41.48268,0.188906
31640,"Nickel","Nickel",127.78308,-26.08169,1.1739
31679,"Nickel","Nickel",120.05778,15.71083,0.72012
31689,"Nickel","Nickel",145.2567,-41.91957,0.254
31715,"Nickel","Nickel",-74.1375,61.420856,0.3502
31729,"Cobalt","Nickel",144.93879,-19.01205,0.735979
31758,"Nickel","Nickel",121.62417,-31.70085,0.1012
31761,"Copper","Nickel",-91.74651,47.80151,3.834
31780,"Nickel","Nickel",122.28738,-3.4627,2.5054
32081,"Nickel","Nickel",30.0922,-5.90009,0.92
32184,"Nickel","Nickel",-146.29058,63.27641,6.79889
32275,"Other","Nickel",28.97194,-24.32861,0.1194
32354,"Copper","Nickel",-81.39866,46.63626,0.447292
32396,"Other","Nickel",28.92318,-23.56089,0.058
32468,"Nickel","Nickel",121.92778,-2.70389,2.6244
32617,"Other","Nickel",29.60417,-24.32333,0.173648
32687,"Nickel","Nickel",-51.86667,-6.16667,3.913
32849,"Nickel","Nickel",47.24,-20.83,0.191
32875,"Other","Nickel",26.9918,-25.10594,0.125343
33139,"Other","Nickel",29.98094,-24.50944,0.14804
33191,"Nickel","Nickel",96.1525,23.57833,0.8
33214,"Other","Nickel",88.70213,69.03354,0.3146
33382,"Nickel","Nickel",-95.60953,50.6298,0.125161
33386,"Nickel","Nickel",94.6056,42.26456,0.411731
33464,"Nickel","Nickel",-80.80783,48.65369,0.055161
33499,"Nickel","Nickel",101.78039,23.48131,0.427
33709,"Nickel","Nickel",122.56526,12.35853,0.111433
33795,"Nickel","Nickel",-87.88151,46.74852,0.055
33832,"Nickel","Nickel",-39.71144,-14.18902,0.9143
33848,"Nickel","Nickel",10.04332,60.07066,0.0705
34218,"Nickel","Nickel",132.41,55.35,1.3418
34220,"Other","Nickel",32.75207,67.90437,0.334878
34257,"Nickel","Nickel",117.46561,8.59975,0.635
34324,"Nickel","Nickel",-70.28782,18.8881,0.0927
34339,"Nickel","Nickel",119.6572,-20.18773,0.067005
34360,"Nickel","Nickel",20.83526,64.50455,0.080331
34844,"Nickel","Nickel",89.68172,46.75109,0.249556
34850,"Nickel","Nickel",122.060489,-29.715142,1.0312
34939,"Other","Nickel",123.7945,-29.986,0.0559
34949,"Cobalt","Nickel",121.64513,-32.102,0.283
35029,"Other","Nickel",14.32737,63.04408,1.541759
35094,"Nickel","Nickel",95.46243,54.89897,2.369363
35302,"Nickel","Nickel",16.83109,50.63444,0.1008
35352,"Nickel","Nickel",28.079,63.972,3.87992
35359,"Nickel","Nickel",-75.60596,51.70532,0.0591
35378,"Nickel","Nickel",121.69289,-31.17766,0.056
35448,"Nickel","Nickel",-81.01907,48.2965,2.43524
35520,"Nickel","Nickel",30.7631,69.38,0.8942
35533,"Nickel","Nickel",120.05396,15.77065,0.27
35538,"Nickel","Nickel",121.955,-2.71,0.451
35588,"Other","Nickel",100.75017,24.99985,0.053
35597,"Nickel","Nickel",147.74556,-8.78167,1.53
35686,"Nickel","Nickel",-86.3038,52.74202,0.3
35804,"Other","Nickel",14.281,63.034,1.421691
35967,"Other","Nickel",118.40869,-28.35189,0.09
36042,"Other","Nickel",29.74944,-24.38972,0.420925
36051,"Nickel","Nickel",147.04631,-32.01484,0.162
36127,"Copper","Nickel",25.14786,-12.23238,0.41
36147,"Nickel","Nickel",-49.41298,-7.99542,2.566926
36150,"Nickel","Nickel",-81.20417,48.16528,0.253
36221,"Nickel","Nickel",-93.11959,46.67296,0.217724
36317,"Nickel","Nickel",120.70716,-27.81822,0.1322
36328,"Nickel","Nickel",118.76018,10.05272,0.313
36331,"Nickel","Nickel",88.15068,69.25502,0.7121
36342,"Nickel","Nickel",-80.97333,47.88028,1.684
36347,"Nickel","Nickel",33.85552,-2.49118,0.983
36451,"Other","Nickel",-111.90375,57.68711,0.233798
36715,"Nickel","Nickel",15.38613,65.50999,1.093
36769,"Other","Nickel",27.00989,-25.12833,0.098
37020,"Other","Nickel",28.1728,65.94479,0.110223
37522,"Nickel","Nickel",118.25401,9.22227,0.696
37523,"Nickel","Nickel",117.96385,9.07643,0.145
37535,"Nickel","Nickel",125.66694,10.16278,0.132
37657,"Nickel","Nickel",-41.96349,-8.4606,0.723
37724,"Nickel","Nickel",120.447825,-27.057475,0.58
37943,"Nickel","Nickel",-125.35635,54.9252,4.548
38033,"Nickel","Nickel",159.73604,-8.4507,0.111719
38359,"Nickel","Nickel",-81.34988,46.42944,0.2838
38500,"Other","Nickel",28.95904,-24.08375,2.676
38535,"Copper","Nickel",-81.38333,46.41667,0.366423
38560,"Nickel","Nickel",-49.34339,-7.87343,0.141
38624,"Copper","Nickel",26.75694,67.54722,0.628
38649,"Other","Nickel",27.15,-25.125,0.19713
38872,"Nickel","Nickel",29.01955,-24.1218,4.01
39372,"Nickel","Nickel",128.0939,0.70705,1.938
40074,"Other","Nickel",-81.26033,47.92318,3.429
40553,"Other","Nickel",28.88636,-23.38958,0.7377
40831,"Nickel","Nickel",41.21899,51.14126,0.7995
40844,"Nickel","Nickel",-8.4994,7.75457,0.57304
50008,"Nickel","Nickel",121.822,-30.6904,1.403
52679,"Other","Nickel",117.76318,-26.84258,2.7008
54930,"Other","Nickel",141.7256,-20.21014,0.36
56200,"Nickel","Nickel",125.64,10.993,0.609
59703,"Other","Nickel",-78.25431,48.17249,0.15
60081,"Nickel","Nickel",125.62,10.43,0.1
60528,"Nickel","Nickel",122.30582,16.60819,0.922
60787,"Nickel","Nickel",20.50133,41.09806,0.201177
66139,"Nickel","Nickel",125.881,9.281,0.8704
67257,"Nickel","Nickel",125.85012,9.48482,1.78
67403,"Nickel","Nickel",121.99386,-3.57447,4.80189
67632,"Nickel","Nickel",122.8602,-28.83722,0.6142
68183,"Nickel","Nickel",83.525,45.15417,0.2167
70845,"Nickel","Nickel",38.54364,-10.10449,0.35638
75613,"Nickel","Nickel",121.55167,-26.80566,0.3385
75730,"Nickel","Nickel",117.42216,8.56651,0.7752
76126,"Nickel","Nickel",-78.62245,50.0569,0.0689
76615,"Nickel","Nickel",-99.93617,54.82755,0.050439
79101,"Nickel","Nickel",118.67075,-32.77783,0.1685
79928,"Cobalt","Nickel",122.27046,-29.52343,0.0567
80592,"Nickel","Nickel",121.547732,-31.441082,0.190335
80638,"Other","Nickel",121.65464,-32.09801,0.1575
80847,"Other","Nickel",30.73198,-17.15316,0.2125
81026,"Nickel","Nickel",122.23515,-2.94009,3.7
81706,"Nickel","Nickel",120.15,-26.5,0.57
83111,"Other","Nickel",-110.0277,45.41492,0.476725
83767,"Nickel","Nickel",-51.19545,-6.49155,1.2044
84035,"Nickel","Nickel",96.06471,42.17233,0.44967
84443,"Nickel","Nickel",140.36829,-2.46688,0.485
84717,"Other","Nickel",116.21078,-31.52158,0.96
85226,"Nickel","Nickel",117.11804,-20.85437,0.0664
85699,"Nickel","Nickel",159.17927,-8.10355,0.185448
86139,"Nickel","Nickel",-81.33731,48.8276,9.7616
87874,"Nickel","Nickel",116.89205,-20.91229,0.08424
88353,"Nickel","Nickel",-94.77036,53.9363,0.07
88428,"Nickel","Nickel",-81.258,48.40377,1.0872
88438,"Copper","Nickel",-87.53311,52.47415,0.054
88557,"Nickel","Nickel",123.19341,-29.92666,5.3
88763,"Nickel","Nickel",121.81975,-3.00026,11.292
88835,"Nickel","Nickel",121.74359,-31.34536,0.1136
88980,"Nickel","Nickel",-81.57724,48.78755,5.3662
89267,"Nickel","Nickel",24.42053,68.09018,0.8628
89426,"Other","Nickel",-49.55793,-5.93819,0.292567
89784,"Other","Nickel",28.94828,-24.34674,0.051332
89842,"Nickel","Nickel",-89.52303,49.96907,0.073482
90451,"Nickel","Nickel",22.09872,68.61091,0.1684
90732,"Nickel","Nickel",-81.05944,48.86532,3.9648
91456,"Nickel","Nickel",-81.31067,46.43776,0.07215
91505,"Nickel","Nickel",127.43873,-1.57734,0.763
91613,"Nickel","Nickel",-123.91444,42.03389,0.332552
91615,"Nickel","Nickel",-124.2983,42.35215,0.143612
91671,"Nickel","Nickel",127.51921,-1.4408,0.173
91679,"Nickel","Nickel",127.44134,-1.57388,1.79
92534,"Nickel","Nickel",121.78492,-2.87809,2.321
93125,"Nickel","Nickel",16.83335,50.64411,0.23
93172,"Copper","Nickel",-91.8742,47.68251,0.37057
24927,"Copper","Cobalt",-91.87293,47.64812,0.2308
25816,"Nickel","Cobalt",-78.44274,48.64244,0.229518
26275,"Nickel","Cobalt",-139.53333,61.46667,0.079469
26731,"Nickel","Cobalt",125.52944,9.28333,0.0377
27118,"Nickel","Cobalt",125.61056,9.83278,0.158
27136,"Nickel","Cobalt",102.14801,38.49053,0.161
27146,"Nickel","Cobalt",-81.36921,46.63706,0.043
27163,"Copper","Cobalt",139.3632,-19.6949,0.025
27363,"Nickel","Cobalt",121.37506,-2.56798,0.815756
27497,"Copper","Cobalt",130.99641,-12.99191,0.06405
27512,"Nickel","Cobalt",-7.91147,7.86926,0.285
27531,"Nickel","Cobalt",104.32642,21.1902,0.0134
27620,"Copper","Cobalt",122.31389,-22.20167,0.084
27672,"Nickel","Cobalt",-81.06667,46.49222,0.051111
27685,"Copper","Cobalt",25.39984,-10.70667,1.73
27734,"Copper","Cobalt",137.20078,-31.20076,0.033011
27742,"Nickel","Cobalt",166.96852,-22.29309,0.25
27779,"Nickel","Cobalt",30.54972,-2.88889,0.13056
27809,"Nickel","Cobalt",129.87477,-0.45095,0.187
28013,"Nickel","Cobalt",-74.86241,20.62977,0.341
28109,"Nickel","Cobalt",-49.89832,-6.48876,0.0787
28268,"Copper","Cobalt",28.04472,-12.65889,0.122
28269,"Copper","Cobalt",28.23889,-12.53417,0.2638
28272,"Copper","Cobalt",28.33806,-13.04861,0.020121
28354,"Nickel","Cobalt",-7.87547,7.76516,0.019051
28371,"Copper","Cobalt",26.18647,-10.58131,3.3132
28375,"Copper","Cobalt",138.28469,-17.78583,0.0828
28629,"Nickel","Cobalt",-74.93079,20.60979,0.2321
28652,"Cobalt","Cobalt",-6.911,30.518,0.03
28725,"Nickel","Cobalt",121.89354,-28.76913,0.135
28992,"Nickel","Cobalt",-62.09573,56.33024,0.0392
29179,"Nickel","Cobalt",26.97542,67.68559,0.02793
29191,"Cobalt","Cobalt",28.21028,-12.83944,0.152
29428,"Cobalt","Cobalt",-114.36266,45.13231,0.030549
29478,"Other","Cobalt",147.47223,-32.69118,0.02217
29556,"Nickel","Cobalt",139.084,-2.27637,0.052
29592,"Nickel","Cobalt",121.71611,-28.67722,0.0928
29601,"Nickel","Cobalt",146.774,-41.21855,0.011803
29668,"Cobalt","Cobalt",-116.74583,63.55,0.074249
29829,"Copper","Cobalt",25.43861,-10.69861,0.3415
29911,"Nickel","Cobalt",123.05745,-29.14276,0.023
30070,"Nickel","Cobalt",149.83267,-22.94832,0.044
30428,"Nickel","Cobalt",48.30255,-18.8604,0.20112
30466,"Cobalt","Cobalt",27.4398,-11.51357,0.071618
30481,"Nickel","Cobalt",121.13833,13.05333,0.38354
30600,"Cobalt","Cobalt",141.19674,-32.09101,0.0873
30696,"Nickel","Cobalt",121.18658,-30.14858,0.311
30807,"Nickel","Cobalt",117.89098,8.91879,0.037
30825,"Nickel","Cobalt",-128.86282,58.47856,0.345
30884,"Copper","Cobalt",27.00861,-11.16833,0.018296
30900,"Nickel","Cobalt",-96.72627,62.89523,0.0464
30969,"Copper","Cobalt",28.32583,-13.06861,0.013895
30976,"Nickel","Cobalt",148.91961,-9.54682,0.066
31000,"Nickel","Cobalt",148.05229,-34.17786,0.046
31089,"Nickel","Cobalt",121.60422,-4.23359,0.3442
31334,"Other","Cobalt",127.81111,-17.79389,0.0144
31466,"Nickel","Cobalt",128.95332,-26.05756,0.105753
31564,"Nickel","Cobalt",-80.90953,47.97596,0.0185
31679,"Nickel","Cobalt",120.05778,15.71083,0.03785
31715,"Nickel","Cobalt",-74.1375,61.420856,0.01867
31729,"Cobalt","Cobalt",144.93879,-19.01205,0.072157
31780,"Nickel","Cobalt",122.28738,-3.4627,0.12118
32081,"Nickel","Cobalt",30.0922,-5.90009,0.06
32184,"Nickel","Cobalt",-146.29058,63.27641,0.54431
32341,"Copper","Cobalt",139.38889,-19.47667,0.0212
32354,"Copper","Cobalt",-81.39866,46.63626,0.010188
33103,"Copper","Cobalt",25.92778,-10.65111,0.254
33340,"Copper","Cobalt",27.56361,-11.36417,0.069039
33499,"Nickel","Cobalt",101.78039,23.48131,0.0141
33832,"Nickel","Cobalt",-39.71144,-14.18902,0.0359
34100,"Copper","Cobalt",140.934087,-32.25667,0.0202
34141,"Cobalt","Cobalt",26.31218,-10.75918,0.244
34241,"Other","Cobalt",122.23318,-21.3016,0.013
34850,"Nickel","Cobalt",122.060489,-29.715142,0.0742
34939,"Other","Cobalt",123.7945,-29.986,0.0328
34949,"Cobalt","Cobalt",121.64513,-32.102,0.0405
35094,"Nickel","Cobalt",95.46243,54.89897,0.094673
35320,"Copper","Cobalt",25.97536,-10.77722,2.0876
35352,"Nickel","Cobalt",28.079,63.972,0.3
35448,"Nickel","Cobalt",-81.01907,48.2965,0.108239
35533,"Nickel","Cobalt",120.05396,15.77065,0.014
35597,"Nickel","Cobalt",147.74556,-8.78167,0.1453
35967,"Other","Cobalt",118.40869,-28.35189,0.023
36147,"Nickel","Cobalt",-49.41298,-7.99542,0.1136
36194,"Copper","Cobalt",25.375,-10.74278,0.494
36331,"Nickel","Cobalt",88.15068,69.25502,0.02633
36342,"Nickel","Cobalt",-80.97333,47.88028,0.0644
36347,"Nickel","Cobalt",33.85552,-2.49118,0.029243
36399,"Copper","Cobalt",27.58222,-11.63472,0.08261
36451,"Other","Cobalt",-111.90375,57.68711,0.058568
36705,"Other","Cobalt",29.19056,66.26917,0.011305
36715,"Nickel","Cobalt",15.38613,65.50999,0.0198
36928,"Copper","Cobalt",25.76917,-10.78417,0.3987
37465,"Copper","Cobalt",25.99528,-10.64,0.127
37522,"Nickel","Cobalt",118.25401,9.22227,0.0183
37532,"Other","Cobalt",140.52843,-20.3767,0.0117
37657,"Nickel","Cobalt",-41.96349,-8.4606,0.0347
38024,"Copper","Cobalt",27.01722,-11.17889,0.046
38132,"Copper","Cobalt",25.21661,-11.01911,0.054
38654,"Copper","Cobalt",25.80972,-10.78667,1.95
40074,"Other","Cobalt",-81.26033,47.92318,0.135
40831,"Nickel","Cobalt",41.21899,51.14126,0.0264
40844,"Nickel","Cobalt",-8.4994,7.75457,0.05956
41629,"Copper","Cobalt",25.90694,-10.66667,0.0682
52424,"Copper","Cobalt",-131.5882,58.20227,0.053977
52679,"Other","Cobalt",117.76318,-26.84258,0.1936
59703,"Other","Cobalt",-78.25431,48.17249,0.0125
60787,"Nickel","Cobalt",20.50133,41.09806,0.013209
67632,"Nickel","Cobalt",122.8602,-28.83722,0.0377
70845,"Nickel","Cobalt",38.54364,-10.10449,0.012117
78525,"Cobalt","Cobalt",27.28067,-11.77823,0.010369
78548,"Cobalt","Cobalt",13.72737,-17.84307,0.257
79101,"Nickel","Cobalt",118.67075,-32.77783,0.0113
80638,"Other","Cobalt",121.65464,-32.09801,0.0266
80993,"Cobalt","Cobalt",141.16238,-32.00658,0.021556
81026,"Nickel","Cobalt",122.23515,-2.94009,0.27
81602,"Copper","Cobalt",25.56316,-10.71226,0.048
81706,"Nickel","Cobalt",120.15,-26.5,0.0295
81935,"Copper","Cobalt",26.59831,-10.85755,0.016924
83111,"Other","Cobalt",-110.0277,45.41492,0.041322
83767,"Nickel","Cobalt",-51.19545,-6.49155,0.0366
84443,"Nickel","Cobalt",140.36829,-2.46688,0.041
84717,"Other","Cobalt",116.21078,-31.52158,0.096
86139,"Nickel","Cobalt",-81.33731,48.8276,0.5522
88428,"Nickel","Cobalt",-81.258,48.40377,0.0466
88557,"Nickel","Cobalt",123.19341,-29.92666,0.257
88718,"Copper","Cobalt",-70.08488,-26.45059,0.048534
88763,"Nickel","Cobalt",121.81975,-3.00026,0.807
88980,"Nickel","Cobalt",-81.57724,48.78755,0.289
89267,"Nickel","Cobalt",24.42053,68.09018,0.04
90732,"Nickel","Cobalt",-81.05944,48.86532,0.2173
91505,"Nickel","Cobalt",127.43873,-1.57734,0.0743
91671,"Nickel","Cobalt",127.51921,-1.4408,0.0136
91942,"Cobalt","Cobalt",29.53462,-25.37147,0.12
92534,"Nickel","Cobalt",121.78492,-2.87809,0.174
93172,"Copper","Cobalt",-91.8742,47.68251,0.022626
29166,"Lithium","Lithium",-78.19557,48.36207,0.0947515095215978
32016,"Lithium","Lithium",-95.43694,50.44323,0.0289131444496052
32088,"Lithium","Lithium",-93.35476,52.61476,0.399442638179285
32092,"Lithium","Lithium",-65.9907,43.98773,0.0552717138875987
32093,"Lithium","Lithium",-88.43012,50.35218,0.0487719461216907
33967,"Lithium","Lithium",121.64874,-31.87135,0.0599163957268927
36162,"Lithium","Lithium",-67.12,-24.0575,2.20157919182536
36265,"Lithium","Lithium",-73.93774,53.52101,0.908202508128193
36505,"Lithium","Lithium",-77.81559,48.41044,0.507315373896888
36506,"Lithium","Lithium",-99.71257,54.85151,0.0422183000464468
36750,"Lithium","Lithium",-118.06978,41.70883,12.4033441709243
36866,"Lithium","Lithium",19.33921,44.53707,1.19879238272178
36956,"Lithium","Lithium",-91.9592,49.4095,0.0173218764514631
37059,"Lithium","Lithium",-66.76168,-23.4654,4.7482108685555
37174,"Lithium","Lithium",121.43161,-31.0799,0.408732001857873
37194,"Lithium","Lithium",-68.47639,-26.88222,0.0986437529029261
37315,"Lithium","Lithium",-116.62268,54.10074,0.361820715281003
37316,"Lithium","Lithium",-76.15678,52.02036,0.138875986994891
37326,"Lithium","Lithium",116.06094,-33.85434,3.25127728750581
37384,"Lithium","Lithium",-68.385,-23.55,9.34045517882025
37452,"Lithium","Lithium",-76.99303,51.92481,0.0390153274500697
37468,"Lithium","Lithium",-74.89988,50.73002,0.377241058987459
37470,"Lithium","Lithium",-65.99121,-23.68466,0.044960520204366
37471,"Lithium","Lithium",-102.87293,23.4389,0.0455178820250813
37500,"Lithium","Lithium",118.91086,-21.01296,0.224338132837901
37507,"Lithium","Lithium",-75.85327,51.6797,0.341848583372039
37518,"Lithium","Lithium",-87.94573,49.29615,0.0351602415234556
37586,"Lithium","Lithium",-68.30736,-24.81373,1.52438457965629
37599,"Lithium","Lithium",-92.66102,49.8146,0.0399442638179285
37600,"Lithium","Lithium",-117.57931,37.77544,0.198327914537854
37603,"Lithium","Lithium",-81.34778,35.22361,0.569122155132373
37610,"Lithium","Lithium",-77.06465,52.2323,0.650255457501161
37611,"Lithium","Lithium",-66.94715,-25.34532,1.34781235485369
37612,"Lithium","Lithium",-67.04878,-25.3927,2.20869205759405
37614,"Lithium","Lithium",24.1425,63.62083,0.110560148629819
37624,"Lithium","Lithium",-66.64726,-23.42685,4.61588481189039
37627,"Lithium","Lithium",-117.58133,37.72229,0.0408732001857873
37725,"Lithium","Lithium",-91.68395,50.93734,0.11434277751974
38320,"Lithium","Lithium",-109.15911,29.71327,1.65443567115653
38460,"Lithium","Lithium",14.99393,46.83405,0.0599163957268927
38474,"Lithium","Lithium",116.18843,26.75391,0.0187645146307478
38538,"Lithium","Lithium",83.96432,31.34934,0.304300975383186
38543,"Lithium","Lithium",94.06972,37.39523,0.0909242916860195
38547,"Lithium","Lithium",101.31667,30.33333,0.188509057129587
38553,"Lithium","Lithium",27.38641,-7.32649,6.26567580120762
38557,"Lithium","Lithium",31.42657,-19.96262,0.542034370645611
38700,"Lithium","Lithium",-69.06693,-26.9145,0.542034370645611
38736,"Lithium","Lithium",-94.58258,50.266,0.0960534138411519
39374,"Lithium","Lithium",-87.99603,49.44318,0.0628425452856479
40251,"Lithium","Lithium",-66.79067,-23.75738,1.12215513237343
40307,"Lithium","Lithium",13.76692,50.72511,1.39795633999071
41737,"Lithium","Lithium",29.40669,-20.03851,0.0611365536460752
50510,"Lithium","Lithium",118.92167,-20.66639,0.344300046446818
51956,"Lithium","Lithium",118.90798,-21.04991,2.65490013934046
52372,"Lithium","Lithium",-66.81628,-25.09077,2.83719461216907
52581,"Lithium","Lithium",-68.32159,-23.64182,1.72271249419415
59768,"Lithium","Lithium",-118.05924,42.04162,4.03437064561078
65864,"Lithium","Lithium",-113.502,62.58,0.235020901068277
77055,"Lithium","Lithium",-117.41257,37.43619,1.33880956804459
77208,"Lithium","Lithium",-7.95979,11.34653,1.33978634463539
77458,"Lithium","Lithium",31.40894,-17.77421,0.507734139183929
77505,"Lithium","Lithium",-117.52684,37.7434,1.25282489549466
77513,"Lithium","Lithium",17.87844,-23.93484,0.0614621458430098
77514,"Lithium","Lithium",-117.85253,37.81491,0.767656293543892
77553,"Lithium","Lithium",-117.50934,37.77485,0.818508128193219
77559,"Lithium","Lithium",-6.33674,39.45948,0.315838365071993
77631,"Lithium","Lithium",-117.0349,37.21703,2.15329958197863
77779,"Lithium","Lithium",120.55802,-27.46948,0.921597770552717
77966,"Lithium","Lithium",14.88437,-21.21548,0.0247468648397585
78022,"Lithium","Lithium",-7.59389,11.33796,0.162981885740827
78031,"Lithium","Lithium",-68.66513,-27.36413,1.60216535067348
78109,"Lithium","Lithium",-66.99009,-24.20374,0.137319089642359
78206,"Lithium","Lithium",130.73987,-12.67849,0.0269391546679052
78244,"Lithium","Lithium",119.74667,-32.08393,1.13980492336275
78420,"Lithium","Lithium",27.40828,-7.31977,0.033302368787738
78512,"Lithium","Lithium",118.67426,-21.19096,0.995819786344635
78556,"Lithium","Lithium",13.79179,50.7394,0.762703204830469
78568,"Lithium","Lithium",-67.17265,-24.1127,0.13421272642824
78577,"Lithium","Lithium",-72.48467,53.29997,0.414695773339526
78645,"Lithium","Lithium",-81.28475,35.39446,0.220622387366465
78657,"Lithium","Lithium",-67.42899,-26.49883,2.08100882489549
78659,"Lithium","Lithium",-113.33924,34.56688,0.0348351137947051
78963,"Lithium","Lithium",-7.76348,41.60482,0.19131444496052
78973,"Lithium","Lithium",-113.93655,51.77696,1.16990060380864
79165,"Lithium","Lithium",-7.3401,40.43062,0.0236878773803994
79236,"Lithium","Lithium",-66.98187,-25.22556,0.297259637714817
79424,"Lithium","Lithium",-109.73452,38.5685,0.282210868555504
79584,"Lithium","Lithium",-1.175696,5.248615,0.211333023687877
79614,"Lithium","Lithium",119.58681,-31.76566,0.0397956339990711
79927,"Lithium","Lithium",122.04717,-32.03327,0.0673478866697631
80026,"Lithium","Lithium",-117.54459,37.71199,0.392940083604273
80111,"Lithium","Lithium",-68.19351,-24.99112,0.207617278216442
80115,"Lithium","Lithium",-66.81781,-24.69897,4.08851602415235
80589,"Lithium","Lithium",-113.56947,34.70922,0.0603808639108221
81969,"Lithium","Lithium",-8.29553,42.41515,0.0251504876915931
82692,"Lithium","Lithium",-67.14368,-25.47594,1.47620436600093
82881,"Lithium","Lithium",-41.90227,-16.74117,1.15476079888528
83002,"Lithium","Lithium",98.39456,8.30556,0.0308871342313052
83014,"Lithium","Lithium",-117.27217,38.15412,1.87412912215513
83068,"Lithium","Lithium",-93.55148,33.23241,0.421941012540641
83904,"Lithium","Lithium",8.20776,49.35122,5.47156711565258
84909,"Lithium","Lithium",-67.12411,-25.03672,0.941941477008825
87450,"Lithium","Lithium",-67.70972,-24.77014,0.773473293079424
87489,"Lithium","Lithium",119.84909,-21.07656,0.0836042731072921
87696,"Lithium","Lithium",-67.6086,-24.32172,0.0859266140269391
88127,"Lithium","Lithium",-42.12079,-16.13189,0.440733859730608
88362,"Lithium","Lithium",-66.62877,-23.54439,0.613114723641431
88726,"Lithium","Lithium",-117.3087,38.09889,0.123982814677195
88782,"Lithium","Lithium",-67.02077,-24.47854,0.143056200650255
88897,"Lithium","Lithium",93.67586,37.99026,0.473762192289828
88960,"Lithium","Lithium",84.07798,31.99862,0.404810961449141
89282,"Lithium","Lithium",-41.90331,-16.78467,0.425483511379471
89287,"Lithium","Lithium",111.89941,25.22132,0.155928007431491
89467,"Lithium","Lithium",-4.87322,50.37828,0.0568509057129587
89508,"Lithium","Lithium",122.53447,-30.87643,0.238736646539712
89580,"Lithium","Lithium",116.2784,-24.5152,0.107292150487692
89585,"Lithium","Lithium",101.81148,31.74557,0.0517882025081282
89588,"Lithium","Lithium",-114.55669,41.68686,2.0901068276823
89591,"Lithium","Lithium",-117.42631,38.12123,1.16767301439851
89716,"Lithium","Lithium",-103.57706,43.70787,0.0106939154667905
90024,"Lithium","Lithium",-117.2243,54.97925,1.49590710636321
90112,"Lithium","Lithium",-103.60603,49.04,1.22015791918254
90473,"Lithium","Lithium",-42.11307,-16.12676,0.0911017185322805
90669,"Lithium","Lithium",-103.09729,49.65969,0.266357640501626
91034,"Lithium","Lithium",39.0205,5.45496,0.315838365071993
91065,"Lithium","Lithium",27.05284,-18.32581,0.105805852299118
91070,"Lithium","Lithium",-72.17188,53.61722,0.261495587552253
91300,"Lithium","Lithium",-117.39572,54.48275,0.0434194147700882
91333,"Lithium","Lithium",-68.42526,-26.9,0.357933581049698
91458,"Lithium","Lithium",-117.47683,37.77667,0.433771017185323
91495,"Lithium","Lithium",-68.31825,-21.22609,0.270784951230841
91648,"Lithium","Lithium",-4.80741,50.37909,0.400836042731073
91856,"Lithium","Lithium",-103.12544,49.19266,0.477556897352531
91863,"Lithium","Lithium",2.94965,46.18255,1.73478866697631
91921,"Lithium","Lithium",36.95744,67.98019,0.3921040408732
92966,"Lithium","Lithium",-67.4633,-25.32553,1.79098931723177
92976,"Lithium","Lithium",18.85374,44.63587,0.343241987923827
93155,"Lithium","Lithium",-117.37318,38.12153,2.83320622387366
93750,"Lithium","Lithium",101.19966,30.35819,0.459637714816535
