"Scenario","country","delta_water","delta_profit","delta_revenue","gdp_share","GDP","Region","share_gdp_bin"
"bold('5% Cost Increase')","Albania",-8.32667268468867e-17,-0.0100677772226487,-0.0100677772226487,0,27046429296.6673,"Europe","<0.1%"
"bold('5% Cost Increase')","Angola",0,0,0,0,100998916781.079,"Middle East & Africa","<0.1%"
"bold('5% Cost Increase')","Argentina",-21.5855640989969,19.5025386487922,19.5025386487922,0.00185244958238528,638365455340.04,"Latin America","0.1–1%"
"bold('5% Cost Increase')","Armenia",-122.112979769534,-14.8076250342742,-14.8076250342742,0.0260864745327443,25955275380.0321,"Europe","1–5%"
"bold('5% Cost Increase')","Australia",-49.0212752653256,-17.824386660603,-17.824386660603,0.00749551897472183,1757022451652.83,"Asia & Oceania","0.1–1%"
"bold('5% Cost Increase')","Austria",0.00663438049557515,0.117527515247314,0.117527515247314,0,534790720466.822,"Europe","<0.1%"
"bold('5% Cost Increase')","Azerbaijan",-0.915701609061264,-0.184719366668834,-0.184719366668834,0.00106047735480625,74315882352.9412,"Europe","0.1–1%"
"bold('5% Cost Increase')","Bolivia",0.00702440816443502,0.0485869424462776,0.0485869424462776,0,54881327452.9667,"Latin America","<0.1%"
"bold('5% Cost Increase')","Botswana",0.04046297170472,0.0129904944613237,0.0129904944613237,0.0660125434244523,19402063512.9066,"Middle East & Africa","5–10%"
"bold('5% Cost Increase')","Brazil",0.551379062349579,18.1669686858982,18.1669686858982,0.00289259774434687,2185821648943.86,"Latin America","0.1–1%"
"bold('5% Cost Increase')","Bulgaria",0,-0.0931440240475399,-0.0931440240475399,0.00125518428516237,113343355779.985,"Europe","0.1–1%"
"bold('5% Cost Increase')","Canada",2.70997185050834,43.2757779414758,43.2757779414758,0.00248591080926174,2243636826633.76,"North America","0.1–1%"
"bold('5% Cost Increase')","Chile",-1450.23487460335,-242.482192254219,-242.482192254219,0.177877324749902,330267137371.592,"Latin America","10–20%"
"bold('5% Cost Increase')","China",-11.0912815344654,54.9033516087038,54.9033516087038,0.000806223591324593,18743803170827.2,"Asia & Oceania","<0.1%"
"bold('5% Cost Increase')","Colombia",0.10041152726677,3.86780036110434,3.86780036110434,0.00134523865530147,418818154879.271,"Latin America","0.1–1%"
"bold('5% Cost Increase')","Côte d'Ivoire",0.00952545080210954,0.0520701503615761,0.0520701503615761,0,87113179149.284,"Middle East & Africa","<0.1%"
"bold('5% Cost Increase')","Cuba",-0.0174496120566439,-0.98695984130088,-0.98695984130088,0.00629074310313668,1.07352e+11,"Latin America","0.1–1%"
"bold('5% Cost Increase')","Czechia",0.659618650950423,1.39580352715752,1.39580352715752,0,347034062928.479,"Europe","<0.1%"
"bold('5% Cost Increase')","Dem. Rep. Congo",0.209858583641608,7.3521317799615,7.3521317799615,0.360681142750599,70962185790.7094,"Middle East & Africa",">20%"
"bold('5% Cost Increase')","Dominican Republic",0.0861608776553202,0.0212574033189785,0.0212574033189785,0.000640933561879245,124282245638.568,"Latin America","<0.1%"
"bold('5% Cost Increase')","Ecuador",0.669925562188326,15.3996626152739,15.3996626152739,0.00958363453860153,124676074700,"Latin America","0.1–1%"
"bold('5% Cost Increase')","Eritrea",0,-0.0964727586993561,-0.0964727586993561,0.213327317301843,2065001626.01626,"Middle East & Africa",">20%"
"bold('5% Cost Increase')","Ethiopia",0.190842772154573,0.126683981434011,0.126683981434011,0,149740297952.986,"Middle East & Africa","<0.1%"
"bold('5% Cost Increase')","Finland",0.107630901344102,0.213498997353888,0.213498997353888,0.00305718601833225,298696961297.656,"Europe","0.1–1%"
"bold('5% Cost Increase')","France",0.350825263448745,1.76197818687236,1.76197818687236,0,3160442622465.08,"Europe","<0.1%"
"bold('5% Cost Increase')","Georgia",-9.54791801177635e-15,-3.77475828372553e-15,-3.77475828372553e-15,0,34189423544.9955,"Europe","<0.1%"
"bold('5% Cost Increase')","Germany",0.167324725055657,0.555407461484069,0.555407461484069,0,4685592577804.69,"Europe","<0.1%"
"bold('5% Cost Increase')","Ghana",0,0,0,0,82308110386.4641,"Middle East & Africa","<0.1%"
"bold('5% Cost Increase')","Greece",0,0,0,0.000194293359106202,256238371778.118,"Europe","<0.1%"
"bold('5% Cost Increase')","Guatemala",0,0,0,0,113199581158.203,"Latin America","<0.1%"
"bold('5% Cost Increase')","Guinea",0,0,0,0,25008678293.4084,"Middle East & Africa","<0.1%"
"bold('5% Cost Increase')","India",1.77635683940025e-15,-0.00696912078730705,-0.00696912078730705,0.000114598761111907,3909891533858.08,"Asia & Oceania","<0.1%"
"bold('5% Cost Increase')","Indonesia",0.287759709386165,12.1080467368457,12.1080467368457,0.00692430381350141,1396300098190.97,"Asia & Oceania","0.1–1%"
"bold('5% Cost Increase')","Iran",-121.914273973788,-24.0023694795749,-24.0023694795749,0.00546825288930409,475252089215.416,"Middle East & Africa","0.1–1%"
"bold('5% Cost Increase')","Kazakhstan",6.20739104016207,6.6597298336925,6.6597298336925,0.0217680659022913,291480274648.826,"Asia & Oceania","1–5%"
"bold('5% Cost Increase')","Laos",0.0429675998279568,0.193898661107127,0.193898661107127,0.0181005692570987,16502933121.3379,"Asia & Oceania","1–5%"
"bold('5% Cost Increase')","Madagascar",0.000684751933533345,0.0528141381974057,0.0528141381974057,0.027912884451747,17420501490.1231,"Middle East & Africa","1–5%"
"bold('5% Cost Increase')","Malaysia",0.0045225647396965,0.090736034397061,0.090736034397061,0,422227005428.688,"Asia & Oceania","<0.1%"
"bold('5% Cost Increase')","Mali",0.582067855358998,6.22391663703817,6.22391663703817,0.0143065474604056,26794747239.8805,"Middle East & Africa","1–5%"
"bold('5% Cost Increase')","Mauritania",0,0,0,0,10908045686.8808,"Middle East & Africa","<0.1%"
"bold('5% Cost Increase')","Mexico",-163.901253964721,-41.8400394024109,-41.8400394024109,0.00346151811656843,1856365616165.94,"Latin America","0.1–1%"
"bold('5% Cost Increase')","Mongolia",3.91025418420301,25.0425146086043,25.0425146086043,0.194165821781726,23794540024.5132,"Asia & Oceania","10–20%"
"bold('5% Cost Increase')","Morocco",0.195329178316754,0.0252648560895734,0.0252648560895734,0.00181328874062951,160610994054.734,"Middle East & Africa","0.1–1%"
"bold('5% Cost Increase')","Myanmar",0.0140160539365601,0.0731853553794175,0.0731853553794175,0,74068349523.8095,"Asia & Oceania","<0.1%"
"bold('5% Cost Increase')","Namibia",0.650734016132786,0.892581862988724,0.892581862988724,0.00235219792654755,13372354511.716,"Middle East & Africa","0.1–1%"
"bold('5% Cost Increase')","New Caledonia",-0.0246792748848041,-1.37216453400228,-1.37216453400228,0.142333648202815,8548919387.12607,"Asia & Oceania","10–20%"
"bold('5% Cost Increase')","North Macedonia",0,0,0,0.00587380217065179,16951682245.4202,"Europe","0.1–1%"
"bold('5% Cost Increase')","Norway",0.0505454710022943,1.11679225144031,1.11679225144031,0,483592648313.301,"Europe","<0.1%"
"bold('5% Cost Increase')","Oman",0,0,0,0.000769523998252776,107137198769.386,"Middle East & Africa","<0.1%"
"bold('5% Cost Increase')","Pakistan",-129.161113773908,-25.2360220499451,-25.2360220499451,0,371570000121.266,"Asia & Oceania","<0.1%"
"bold('5% Cost Increase')","Panama",0.023002862388399,0.222611831949171,0.222611831949171,0,86523959131.7472,"Latin America","<0.1%"
"bold('5% Cost Increase')","Papua New Guinea",0.0507754468422902,1.41016900723988,1.41016900723988,0.0321549951872749,31800428265.5246,"Asia & Oceania","1–5%"
"bold('5% Cost Increase')","Peru",-34.0385865915641,58.6722005760546,58.6722005760546,0.0817722869885143,289221969062.941,"Latin America","5–10%"
"bold('5% Cost Increase')","Philippines",-4.86208597744557,9.74763122516632,9.74763122516632,0.00312566398552816,461617509782.355,"Asia & Oceania","0.1–1%"
"bold('5% Cost Increase')","Poland",0.0124246535447661,0.203944276850081,0.203944276850081,0.00440305874468969,917767106146.761,"Europe","0.1–1%"
"bold('5% Cost Increase')","Portugal",-0.0745049376655516,0.103656690726851,0.103656690726851,0.00126968331131275,313271185085.102,"Europe","0.1–1%"
"bold('5% Cost Increase')","Romania",0.170202966974157,0.743033032972027,0.743033032972027,3.65942703321456e-05,382564217988.866,"Europe","<0.1%"
"bold('5% Cost Increase')","Russia",10.4656811660275,60.6968447402177,60.6968447402177,0.00607000587840448,2173835806671.66,"Europe","0.1–1%"
"bold('5% Cost Increase')","Saudi Arabia",0.00343322184161243,-0.016153772385314,-0.016153772385314,0.00043969860683097,1239804533333.33,"Middle East & Africa","<0.1%"
"bold('5% Cost Increase')","Serbia",2.07175574544792,22.7210828557987,22.7210828557987,0.0320491188696238,90097765959.1114,"Europe","1–5%"
"bold('5% Cost Increase')","South Africa",-0.623642195810005,-0.625083157334508,-0.625083157334508,0.00173607407376226,401144998373.585,"Middle East & Africa","0.1–1%"
"bold('5% Cost Increase')","Spain",0.307949670086792,0.738863887281543,0.738863887281543,0.000612165528512989,1725671652742.19,"Europe","<0.1%"
"bold('5% Cost Increase')","Sudan",0,0,0,0,49672435513.1126,"Middle East & Africa","<0.1%"
"bold('5% Cost Increase')","Sweden",0.163057128293967,1.63446276638173,1.63446276638173,0.00136967872387163,603715224265.798,"Europe","0.1–1%"
"bold('5% Cost Increase')","Tanzania",-1.72320244820679,-1.15827649377436,-1.15827649377436,0.000176802854274833,78844405385.2195,"Middle East & Africa","<0.1%"
"bold('5% Cost Increase')","Thailand",0.00407002470646711,0.0521443007752606,0.0521443007752606,0,526517658841.684,"Asia & Oceania","<0.1%"
"bold('5% Cost Increase')","Türkiye",-5.80699644085939,-0.552516847792441,-0.552516847792441,6.90705134928027e-05,1359123768774.12,"Europe","<0.1%"
"bold('5% Cost Increase')","United Kingdom",0.036790048447641,0.377320140777337,0.377320140777337,0,3686033044482.13,"Europe","<0.1%"
"bold('5% Cost Increase')","USA",-425.258315207271,-7.84976920932763,-7.84976920932763,0.000425207246432204,28750956130731.2,"North America","<0.1%"
"bold('5% Cost Increase')","Venezuela",0,-0.0199659158929697,-0.0199659158929697,0,119802963257.783,"Latin America","<0.1%"
"bold('5% Cost Increase')","Vietnam",0,0,0,0.000105092309555033,476388230307.175,"Asia & Oceania","<0.1%"
"bold('5% Cost Increase')","Zambia",0.316186431851595,2.10450469141313,2.10450469141313,0.276870363544636,25303185342.2511,"Middle East & Africa",">20%"
"bold('5% Cost Increase')","Zimbabwe",0.0806681130333993,0.482910399530091,0.482910399530091,0.0342595291983705,41539411516.4448,"Middle East & Africa","1–5%"
"bold('+5% Cost + Protect Fish-Rich Basins > 70')","Albania",-7.63278329429795e-17,0.0013359829060744,0.0013359829060744,0,27046429296.6673,"Europe","<0.1%"
"bold('+5% Cost + Protect Fish-Rich Basins > 70')","Angola",0.0836073141907541,0.424266594472321,0.424266594472321,0,100998916781.079,"Middle East & Africa","<0.1%"
"bold('+5% Cost + Protect Fish-Rich Basins > 70')","Argentina",60.2766977628059,47.7594690529812,47.7594690529812,0.00185244958238528,638365455340.04,"Latin America","0.1–1%"
"bold('+5% Cost + Protect Fish-Rich Basins > 70')","Armenia",-93.9191519052009,-7.93598128791586,-7.93598128791586,0.0260864745327443,25955275380.0321,"Europe","1–5%"
"bold('+5% Cost + Protect Fish-Rich Basins > 70')","Australia",124.645912743057,70.0770801928683,70.0770801928683,0.00749551897472183,1757022451652.83,"Asia & Oceania","0.1–1%"
"bold('+5% Cost + Protect Fish-Rich Basins > 70')","Austria",0.0116569467553663,0.218288779291346,0.218288779291346,0,534790720466.822,"Europe","<0.1%"
"bold('+5% Cost + Protect Fish-Rich Basins > 70')","Azerbaijan",3.78305868478711,1.12418393545747,1.12418393545747,0.00106047735480625,74315882352.9412,"Europe","0.1–1%"
"bold('+5% Cost + Protect Fish-Rich Basins > 70')","Bolivia",0.00702440816443502,0.0586300131538026,0.0586300131538026,0,54881327452.9667,"Latin America","<0.1%"
"bold('+5% Cost + Protect Fish-Rich Basins > 70')","Botswana",0.213889720732469,0.241140431802108,0.241140431802108,0.0660125434244523,19402063512.9066,"Middle East & Africa","5–10%"
"bold('+5% Cost + Protect Fish-Rich Basins > 70')","Brazil",-6.21638485168464,-157.603147107963,-157.603147107963,0.00289259774434687,2185821648943.86,"Latin America","0.1–1%"
"bold('+5% Cost + Protect Fish-Rich Basins > 70')","Bulgaria",0,0.22100986596916,0.22100986596916,0.00125518428516237,113343355779.985,"Europe","0.1–1%"
"bold('+5% Cost + Protect Fish-Rich Basins > 70')","Canada",13.2824817794847,142.176050612572,142.176050612572,0.00248591080926174,2243636826633.76,"North America","0.1–1%"
"bold('+5% Cost + Protect Fish-Rich Basins > 70')","Chile",-390.911359275719,-10.5088212372181,-10.5088212372181,0.177877324749902,330267137371.592,"Latin America","10–20%"
"bold('+5% Cost + Protect Fish-Rich Basins > 70')","China",-7.72468347764443,-54.8656285035614,-54.8656285035614,0.000806223591324593,18743803170827.2,"Asia & Oceania","<0.1%"
"bold('+5% Cost + Protect Fish-Rich Basins > 70')","Colombia",-0.265035253897926,-14.4695144524514,-14.4695144524514,0.00134523865530147,418818154879.271,"Latin America","0.1–1%"
"bold('+5% Cost + Protect Fish-Rich Basins > 70')","Côte d'Ivoire",0.0857290572189855,0.623695675182395,0.623695675182395,0,87113179149.284,"Middle East & Africa","<0.1%"
"bold('+5% Cost + Protect Fish-Rich Basins > 70')","Cuba",0.102439721902901,3.52982530049785,3.52982530049785,0.00629074310313668,1.07352e+11,"Latin America","0.1–1%"
"bold('+5% Cost + Protect Fish-Rich Basins > 70')","Czechia",1.85340494725547,4.77389228198871,4.77389228198871,0,347034062928.479,"Europe","<0.1%"
"bold('+5% Cost + Protect Fish-Rich Basins > 70')","Dem. Rep. Congo",-22.3948157889916,-682.831943674481,-682.831943674481,0.360681142750599,70962185790.7094,"Middle East & Africa",">20%"
"bold('+5% Cost + Protect Fish-Rich Basins > 70')","Dominican Republic",0.0752713406257992,-0.0230411709163718,-0.0230411709163718,0.000640933561879245,124282245638.568,"Latin America","<0.1%"
"bold('+5% Cost + Protect Fish-Rich Basins > 70')","Ecuador",1.54889295947519,40.9748039026852,40.9748039026852,0.00958363453860153,124676074700,"Latin America","0.1–1%"
"bold('+5% Cost + Protect Fish-Rich Basins > 70')","Eritrea",0,0.0278894521647226,0.0278894521647226,0.213327317301843,2065001626.01626,"Middle East & Africa",">20%"
"bold('+5% Cost + Protect Fish-Rich Basins > 70')","Ethiopia",1.14505663292744,0.890443599861345,0.890443599861345,0,149740297952.986,"Middle East & Africa","<0.1%"
"bold('+5% Cost + Protect Fish-Rich Basins > 70')","Finland",0.305301254727103,3.30062824449282,3.30062824449282,0.00305718601833225,298696961297.656,"Europe","0.1–1%"
"bold('+5% Cost + Protect Fish-Rich Basins > 70')","France",0.955416373908859,5.23363679446092,5.23363679446092,0,3160442622465.08,"Europe","<0.1%"
"bold('+5% Cost + Protect Fish-Rich Basins > 70')","Georgia",-7.7715611723761e-15,-2.88657986402541e-15,-2.88657986402541e-15,0,34189423544.9955,"Europe","<0.1%"
"bold('+5% Cost + Protect Fish-Rich Basins > 70')","Germany",1.34350073380635,4.16658302057075,4.16658302057075,0,4685592577804.69,"Europe","<0.1%"
"bold('+5% Cost + Protect Fish-Rich Basins > 70')","Ghana",0,0,0,0,82308110386.4641,"Middle East & Africa","<0.1%"
"bold('+5% Cost + Protect Fish-Rich Basins > 70')","Greece",-3.48069904937463,-1.93888329286094,-1.93888329286094,0.000194293359106202,256238371778.118,"Europe","<0.1%"
"bold('+5% Cost + Protect Fish-Rich Basins > 70')","Guatemala",-0.00849625622643969,-1.94746841746649,-1.94746841746649,0,113199581158.203,"Latin America","<0.1%"
"bold('+5% Cost + Protect Fish-Rich Basins > 70')","Guinea",0,0,0,0,25008678293.4084,"Middle East & Africa","<0.1%"
"bold('+5% Cost + Protect Fish-Rich Basins > 70')","India",1.77635683940025e-15,0.0226276270645513,0.0226276270645513,0.000114598761111907,3909891533858.08,"Asia & Oceania","<0.1%"
"bold('+5% Cost + Protect Fish-Rich Basins > 70')","Indonesia",0.790978186367198,101.834308512264,101.834308512264,0.00692430381350141,1396300098190.97,"Asia & Oceania","0.1–1%"
"bold('+5% Cost + Protect Fish-Rich Basins > 70')","Iran",16.1465465346955,12.0683193506295,12.0683193506295,0.00546825288930409,475252089215.416,"Middle East & Africa","0.1–1%"
"bold('+5% Cost + Protect Fish-Rich Basins > 70')","Kazakhstan",26.7011628907314,19.5548465031287,19.5548465031287,0.0217680659022913,291480274648.826,"Asia & Oceania","1–5%"
"bold('+5% Cost + Protect Fish-Rich Basins > 70')","Laos",-1.19761447003132,-7.0698862670064,-7.0698862670064,0.0181005692570987,16502933121.3379,"Asia & Oceania","1–5%"
"bold('+5% Cost + Protect Fish-Rich Basins > 70')","Madagascar",0.109820324340086,10.8656167698807,10.8656167698807,0.027912884451747,17420501490.1231,"Middle East & Africa","1–5%"
"bold('+5% Cost + Protect Fish-Rich Basins > 70')","Malaysia",0.0117586683232109,0.37500786859448,0.37500786859448,0,422227005428.688,"Asia & Oceania","<0.1%"
"bold('+5% Cost + Protect Fish-Rich Basins > 70')","Mali",0.756181060870569,8.56077537274912,8.56077537274912,0.0143065474604056,26794747239.8805,"Middle East & Africa","1–5%"
"bold('+5% Cost + Protect Fish-Rich Basins > 70')","Mauritania",0,0,0,0,10908045686.8808,"Middle East & Africa","<0.1%"
"bold('+5% Cost + Protect Fish-Rich Basins > 70')","Mexico",138.143464964448,55.781760092611,55.781760092611,0.00346151811656843,1856365616165.94,"Latin America","0.1–1%"
"bold('+5% Cost + Protect Fish-Rich Basins > 70')","Mongolia",8.22912133196735,28.6330749308364,28.6330749308364,0.194165821781726,23794540024.5132,"Asia & Oceania","10–20%"
"bold('+5% Cost + Protect Fish-Rich Basins > 70')","Morocco",0.707731513469616,0.75916981314168,0.75916981314168,0.00181328874062951,160610994054.734,"Middle East & Africa","0.1–1%"
"bold('+5% Cost + Protect Fish-Rich Basins > 70')","Myanmar",-0.0363735935651937,-3.81222837855227,-3.81222837855227,0,74068349523.8095,"Asia & Oceania","<0.1%"
"bold('+5% Cost + Protect Fish-Rich Basins > 70')","Namibia",1.93320522778952,1.78332024545217,1.78332024545217,0.00235219792654755,13372354511.716,"Middle East & Africa","0.1–1%"
"bold('+5% Cost + Protect Fish-Rich Basins > 70')","New Caledonia",-0.920302705103064,-33.9509097658668,-33.9509097658668,0.142333648202815,8548919387.12607,"Asia & Oceania","10–20%"
"bold('+5% Cost + Protect Fish-Rich Basins > 70')","North Macedonia",1.4111088565943,0.440920857817911,0.440920857817911,0.00587380217065179,16951682245.4202,"Europe","0.1–1%"
"bold('+5% Cost + Protect Fish-Rich Basins > 70')","Norway",0.0540818783263567,1.44996989309615,1.44996989309615,0,483592648313.301,"Europe","<0.1%"
"bold('+5% Cost + Protect Fish-Rich Basins > 70')","Oman",0,0,0,0.000769523998252776,107137198769.386,"Middle East & Africa","<0.1%"
"bold('+5% Cost + Protect Fish-Rich Basins > 70')","Pakistan",97.8973788605235,38.0842963627292,38.0842963627292,0,371570000121.266,"Asia & Oceania","<0.1%"
"bold('+5% Cost + Protect Fish-Rich Basins > 70')","Panama",0.0790384087439097,1.53805180357212,1.53805180357212,0,86523959131.7472,"Latin America","<0.1%"
"bold('+5% Cost + Protect Fish-Rich Basins > 70')","Papua New Guinea",0.582219016409295,27.6386097131402,27.6386097131402,0.0321549951872749,31800428265.5246,"Asia & Oceania","1–5%"
"bold('+5% Cost + Protect Fish-Rich Basins > 70')","Peru",118.626079571564,-16.1811602246351,-16.1811602246351,0.0817722869885143,289221969062.941,"Latin America","5–10%"
"bold('+5% Cost + Protect Fish-Rich Basins > 70')","Philippines",1.70199988952461,14.097602946668,14.097602946668,0.00312566398552816,461617509782.355,"Asia & Oceania","0.1–1%"
"bold('+5% Cost + Protect Fish-Rich Basins > 70')","Poland",0.0124246535442225,2.81287702276913,2.81287702276913,0.00440305874468969,917767106146.761,"Europe","0.1–1%"
"bold('+5% Cost + Protect Fish-Rich Basins > 70')","Portugal",0.545851965083521,0.557840945674279,0.557840945674279,0.00126968331131275,313271185085.102,"Europe","0.1–1%"
"bold('+5% Cost + Protect Fish-Rich Basins > 70')","Romania",0.90420326205021,4.84642465174741,4.84642465174741,3.65942703321456e-05,382564217988.866,"Europe","<0.1%"
"bold('+5% Cost + Protect Fish-Rich Basins > 70')","Russia",11.6800502136375,74.3421819074919,74.3421819074919,0.00607000587840448,2173835806671.66,"Europe","0.1–1%"
"bold('+5% Cost + Protect Fish-Rich Basins > 70')","Saudi Arabia",1.12749629903752,0.538806648522319,0.538806648522319,0.00043969860683097,1239804533333.33,"Middle East & Africa","<0.1%"
"bold('+5% Cost + Protect Fish-Rich Basins > 70')","Serbia",4.817240390689,81.8467149720406,81.8467149720406,0.0320491188696238,90097765959.1114,"Europe","1–5%"
"bold('+5% Cost + Protect Fish-Rich Basins > 70')","South Africa",2.92747068945074,2.71241986387053,2.71241986387053,0.00173607407376226,401144998373.585,"Middle East & Africa","0.1–1%"
"bold('+5% Cost + Protect Fish-Rich Basins > 70')","Spain",5.0840155491529,4.0607888369773,4.0607888369773,0.000612165528512989,1725671652742.19,"Europe","<0.1%"
"bold('+5% Cost + Protect Fish-Rich Basins > 70')","Sudan",0,0,0,0,49672435513.1126,"Middle East & Africa","<0.1%"
"bold('+5% Cost + Protect Fish-Rich Basins > 70')","Sweden",0.589487792436691,4.26255153804576,4.26255153804576,0.00136967872387163,603715224265.798,"Europe","0.1–1%"
"bold('+5% Cost + Protect Fish-Rich Basins > 70')","Tanzania",-1.72320244820679,-1.15827649377436,-1.15827649377436,0.000176802854274833,78844405385.2195,"Middle East & Africa","<0.1%"
"bold('+5% Cost + Protect Fish-Rich Basins > 70')","Thailand",0.00851005165897669,0.135644092853724,0.135644092853724,0,526517658841.684,"Asia & Oceania","<0.1%"
"bold('+5% Cost + Protect Fish-Rich Basins > 70')","Türkiye",-2.36394420792426,0.269166458988837,0.269166458988837,6.90705134928027e-05,1359123768774.12,"Europe","<0.1%"
"bold('+5% Cost + Protect Fish-Rich Basins > 70')","United Kingdom",0.15522637948008,1.52297489424482,1.52297489424482,0,3686033044482.13,"Europe","<0.1%"
"bold('+5% Cost + Protect Fish-Rich Basins > 70')","USA",-194.882540347902,88.2265027603558,88.2265027603558,0.000425207246432204,28750956130731.2,"North America","<0.1%"
"bold('+5% Cost + Protect Fish-Rich Basins > 70')","Venezuela",0,-0.115532133297905,-0.115532133297905,0,119802963257.783,"Latin America","<0.1%"
"bold('+5% Cost + Protect Fish-Rich Basins > 70')","Vietnam",-0.0245023657714762,-2.03572397127193,-2.03572397127193,0.000105092309555033,476388230307.175,"Asia & Oceania","<0.1%"
"bold('+5% Cost + Protect Fish-Rich Basins > 70')","Zambia",-25.5167910128683,-163.597358760517,-163.597358760517,0.276870363544636,25303185342.2511,"Middle East & Africa",">20%"
"bold('+5% Cost + Protect Fish-Rich Basins > 70')","Zimbabwe",-0.298937262719778,-9.14346977872824,-9.14346977872824,0.0342595291983705,41539411516.4448,"Middle East & Africa","1–5%"
"bold('+5% Cost + Water Desalination at $0.5/m'^3)","Albania",-9.0205620750794e-17,-0.00879583905308223,-0.00879583905308223,0,27046429296.6673,"Europe","<0.1%"
"bold('+5% Cost + Water Desalination at $0.5/m'^3)","Angola",0,0,0,0,100998916781.079,"Middle East & Africa","<0.1%"
"bold('+5% Cost + Water Desalination at $0.5/m'^3)","Argentina",-39.9432692719867,-5.07282737318405,-5.07282737318405,0.00185244958238528,638365455340.04,"Latin America","0.1–1%"
"bold('+5% Cost + Water Desalination at $0.5/m'^3)","Armenia",-122.85600005129,-15.117208958759,-15.117208958759,0.0260864745327443,25955275380.0321,"Europe","1–5%"
"bold('+5% Cost + Water Desalination at $0.5/m'^3)","Australia",-52.4544739866795,-27.9872313216076,-27.9872313216076,0.00749551897472183,1757022451652.83,"Asia & Oceania","0.1–1%"
"bold('+5% Cost + Water Desalination at $0.5/m'^3)","Austria",-0.00331719024778757,-0.0530622218823938,-0.0530622218823938,0,534790720466.822,"Europe","<0.1%"
"bold('+5% Cost + Water Desalination at $0.5/m'^3)","Azerbaijan",-0.985469336669572,-0.217154913069332,-0.217154913069332,0.00106047735480625,74315882352.9412,"Europe","0.1–1%"
"bold('+5% Cost + Water Desalination at $0.5/m'^3)","Bolivia",-0.0101649908434972,-0.100336911877933,-0.100336911877933,0,54881327452.9667,"Latin America","<0.1%"
"bold('+5% Cost + Water Desalination at $0.5/m'^3)","Botswana",-3.5527136788005e-15,-0.169438946366036,-0.169438946366036,0.0660125434244523,19402063512.9066,"Middle East & Africa","5–10%"
"bold('+5% Cost + Water Desalination at $0.5/m'^3)","Brazil",-0.0710914499268025,1.14257083445375,1.14257083445375,0.00289259774434687,2185821648943.86,"Latin America","0.1–1%"
"bold('+5% Cost + Water Desalination at $0.5/m'^3)","Bulgaria",0,-0.318646164780643,-0.318646164780643,0.00125518428516237,113343355779.985,"Europe","0.1–1%"
"bold('+5% Cost + Water Desalination at $0.5/m'^3)","Canada",0.226848932097317,0.150640819801964,0.150640819801964,0.00248591080926174,2243636826633.76,"North America","0.1–1%"
"bold('+5% Cost + Water Desalination at $0.5/m'^3)","Chile",-1219.2268380643,254.836378916717,254.836378916717,0.177877324749902,330267137371.592,"Latin America","10–20%"
"bold('+5% Cost + Water Desalination at $0.5/m'^3)","China",-21.6536961634133,-5.76603495728165,-5.76603495728165,0.000806223591324593,18743803170827.2,"Asia & Oceania","<0.1%"
"bold('+5% Cost + Water Desalination at $0.5/m'^3)","Colombia",0.0360770258890435,1.63109160136218,1.63109160136218,0.00134523865530147,418818154879.271,"Latin America","0.1–1%"
"bold('+5% Cost + Water Desalination at $0.5/m'^3)","Côte d'Ivoire",0,0,0,0,87113179149.284,"Middle East & Africa","<0.1%"
"bold('+5% Cost + Water Desalination at $0.5/m'^3)","Cuba",-0.0139580309717922,-0.358162542465521,-0.358162542465521,0.00629074310313668,1.07352e+11,"Latin America","0.1–1%"
"bold('+5% Cost + Water Desalination at $0.5/m'^3)","Czechia",-0.668030088954165,-1.17521806916141,-1.17521806916141,0,347034062928.479,"Europe","<0.1%"
"bold('+5% Cost + Water Desalination at $0.5/m'^3)","Dem. Rep. Congo",-0.0225170136247002,-4.03805585122007,-4.03805585122007,0.360681142750599,70962185790.7094,"Middle East & Africa",">20%"
"bold('+5% Cost + Water Desalination at $0.5/m'^3)","Dominican Republic",0.0161551645603802,-0.2929036539125,-0.2929036539125,0.000640933561879245,124282245638.568,"Latin America","<0.1%"
"bold('+5% Cost + Water Desalination at $0.5/m'^3)","Ecuador",0,-0.480341182802654,-0.480341182802654,0.00958363453860153,124676074700,"Latin America","0.1–1%"
"bold('+5% Cost + Water Desalination at $0.5/m'^3)","Eritrea",0,-0.120133438882294,-0.120133438882294,0.213327317301843,2065001626.01626,"Middle East & Africa",">20%"
"bold('+5% Cost + Water Desalination at $0.5/m'^3)","Ethiopia",-0.758133719506474,-0.461013644691556,-0.461013644691556,0,149740297952.986,"Middle East & Africa","<0.1%"
"bold('+5% Cost + Water Desalination at $0.5/m'^3)","Finland",-0.0165076941836064,-0.177715858061191,-0.177715858061191,0.00305718601833225,298696961297.656,"Europe","0.1–1%"
"bold('+5% Cost + Water Desalination at $0.5/m'^3)","France",-0.260443291663396,-1.16742584927403,-1.16742584927403,0,3160442622465.08,"Europe","<0.1%"
"bold('+5% Cost + Water Desalination at $0.5/m'^3)","Georgia",-1.06581410364015e-14,-4.66293670342566e-15,-4.66293670342566e-15,0,34189423544.9955,"Europe","<0.1%"
"bold('+5% Cost + Water Desalination at $0.5/m'^3)","Germany",-0.556897339225303,-1.21328419679441,-1.21328419679441,0,4685592577804.69,"Europe","<0.1%"
"bold('+5% Cost + Water Desalination at $0.5/m'^3)","Ghana",0,0,0,0,82308110386.4641,"Middle East & Africa","<0.1%"
"bold('+5% Cost + Water Desalination at $0.5/m'^3)","Greece",-0.645551751685471,-0.293166505932303,-0.293166505932303,0.000194293359106202,256238371778.118,"Europe","<0.1%"
"bold('+5% Cost + Water Desalination at $0.5/m'^3)","Guatemala",0,0,0,0,113199581158.203,"Latin America","<0.1%"
"bold('+5% Cost + Water Desalination at $0.5/m'^3)","Guinea",0,0,0,0,25008678293.4084,"Middle East & Africa","<0.1%"
"bold('+5% Cost + Water Desalination at $0.5/m'^3)","India",3.5527136788005e-15,-0.161996794880483,-0.161996794880483,0.000114598761111907,3909891533858.08,"Asia & Oceania","<0.1%"
"bold('+5% Cost + Water Desalination at $0.5/m'^3)","Indonesia",0.0314092398966892,-3.40309641403763,-3.40309641403763,0.00692430381350141,1396300098190.97,"Asia & Oceania","0.1–1%"
"bold('+5% Cost + Water Desalination at $0.5/m'^3)","Iran",-135.173471660578,-29.8811946545676,-29.8811946545676,0.00546825288930409,475252089215.416,"Middle East & Africa","0.1–1%"
"bold('+5% Cost + Water Desalination at $0.5/m'^3)","Kazakhstan",-4.81027138480613,-1.02087988849402,-1.02087988849402,0.0217680659022913,291480274648.826,"Asia & Oceania","1–5%"
"bold('+5% Cost + Water Desalination at $0.5/m'^3)","Laos",-0.0859351996559132,-0.466601348544669,-0.466601348544669,0.0181005692570987,16502933121.3379,"Asia & Oceania","1–5%"
"bold('+5% Cost + Water Desalination at $0.5/m'^3)","Madagascar",-0.00603618559063743,-0.333806920664018,-0.333806920664018,0.027912884451747,17420501490.1231,"Middle East & Africa","1–5%"
"bold('+5% Cost + Water Desalination at $0.5/m'^3)","Malaysia",0,0,0,0,422227005428.688,"Asia & Oceania","<0.1%"
"bold('+5% Cost + Water Desalination at $0.5/m'^3)","Mali",0.347060930310102,3.49512945947961,3.49512945947961,0.0143065474604056,26794747239.8805,"Middle East & Africa","1–5%"
"bold('+5% Cost + Water Desalination at $0.5/m'^3)","Mauritania",0,0,0,0,10908045686.8808,"Middle East & Africa","<0.1%"
"bold('+5% Cost + Water Desalination at $0.5/m'^3)","Mexico",-624.580769624346,-183.333294208969,-183.333294208969,0.00346151811656843,1856365616165.94,"Latin America","0.1–1%"
"bold('+5% Cost + Water Desalination at $0.5/m'^3)","Mongolia",-1.81706048639896,-0.4204391523987,-0.4204391523987,0.194165821781726,23794540024.5132,"Asia & Oceania","10–20%"
"bold('+5% Cost + Water Desalination at $0.5/m'^3)","Morocco",-1.01456179046899,-0.954901343945275,-0.954901343945275,0.00181328874062951,160610994054.734,"Middle East & Africa","0.1–1%"
"bold('+5% Cost + Water Desalination at $0.5/m'^3)","Myanmar",0,0,0,0,74068349523.8095,"Asia & Oceania","<0.1%"
"bold('+5% Cost + Water Desalination at $0.5/m'^3)","Namibia",-0.715779895137592,-0.513175980611807,-0.513175980611807,0.00235219792654755,13372354511.716,"Middle East & Africa","0.1–1%"
"bold('+5% Cost + Water Desalination at $0.5/m'^3)","New Caledonia",-0.0723691085739939,-4.59997624655861,-4.59997624655861,0.142333648202815,8548919387.12607,"Asia & Oceania","10–20%"
"bold('+5% Cost + Water Desalination at $0.5/m'^3)","North Macedonia",-0.28222177131886,-0.107536494206897,-0.107536494206897,0.00587380217065179,16951682245.4202,"Europe","0.1–1%"
"bold('+5% Cost + Water Desalination at $0.5/m'^3)","Norway",0.014633180202079,0.240194950390565,0.240194950390565,0,483592648313.301,"Europe","<0.1%"
"bold('+5% Cost + Water Desalination at $0.5/m'^3)","Oman",0,0,0,0.000769523998252776,107137198769.386,"Middle East & Africa","<0.1%"
"bold('+5% Cost + Water Desalination at $0.5/m'^3)","Pakistan",-139.543882488053,-30.5960679637547,-30.5960679637547,0,371570000121.266,"Asia & Oceania","<0.1%"
"bold('+5% Cost + Water Desalination at $0.5/m'^3)","Panama",-0.00311467121465802,-0.132328413053174,-0.132328413053174,0,86523959131.7472,"Latin America","<0.1%"
"bold('+5% Cost + Water Desalination at $0.5/m'^3)","Papua New Guinea",0,-0.0345157495239778,-0.0345157495239778,0.0321549951872749,31800428265.5246,"Asia & Oceania","1–5%"
"bold('+5% Cost + Water Desalination at $0.5/m'^3)","Peru",-136.526937905922,-34.1408906579818,-34.1408906579818,0.0817722869885143,289221969062.941,"Latin America","5–10%"
"bold('+5% Cost + Water Desalination at $0.5/m'^3)","Philippines",-7.04101492956182,-0.0879505609697731,-0.0879505609697731,0.00312566398552816,461617509782.355,"Asia & Oceania","0.1–1%"
"bold('+5% Cost + Water Desalination at $0.5/m'^3)","Poland",0.0124246535442101,0.0150356681530468,0.0150356681530468,0.00440305874468969,917767106146.761,"Europe","0.1–1%"
"bold('+5% Cost + Water Desalination at $0.5/m'^3)","Portugal",-0.336485416769127,-0.183536749218224,-0.183536749218224,0.00126968331131275,313271185085.102,"Europe","0.1–1%"
"bold('+5% Cost + Water Desalination at $0.5/m'^3)","Romania",0,0,0,3.65942703321456e-05,382564217988.866,"Europe","<0.1%"
"bold('+5% Cost + Water Desalination at $0.5/m'^3)","Russia",2.0130157048543,-0.352159010048922,-0.352159010048922,0.00607000587840448,2173835806671.66,"Europe","0.1–1%"
"bold('+5% Cost + Water Desalination at $0.5/m'^3)","Saudi Arabia",-0.00343322184161288,-0.0455343035785623,-0.0455343035785623,0.00043969860683097,1239804533333.33,"Middle East & Africa","<0.1%"
"bold('+5% Cost + Water Desalination at $0.5/m'^3)","Serbia",1.77635683940025e-15,-0.558319406927815,-0.558319406927815,0.0320491188696238,90097765959.1114,"Europe","1–5%"
"bold('+5% Cost + Water Desalination at $0.5/m'^3)","South Africa",-1.78174902295296,-2.68904169367858,-2.68904169367858,0.00173607407376226,401144998373.585,"Middle East & Africa","0.1–1%"
"bold('+5% Cost + Water Desalination at $0.5/m'^3)","Spain",-0.0593036287779398,-0.290794498299395,-0.290794498299395,0.000612165528512989,1725671652742.19,"Europe","<0.1%"
"bold('+5% Cost + Water Desalination at $0.5/m'^3)","Sudan",6.5442525382359,2.75668357096092,2.75668357096092,0,49672435513.1126,"Middle East & Africa","<0.1%"
"bold('+5% Cost + Water Desalination at $0.5/m'^3)","Sweden",0.0191425895050904,0.487287520072435,0.487287520072435,0.00136967872387163,603715224265.798,"Europe","0.1–1%"
"bold('+5% Cost + Water Desalination at $0.5/m'^3)","Tanzania",-3.38233377151418,15.7552141162081,15.7552141162081,0.000176802854274833,78844405385.2195,"Middle East & Africa","<0.1%"
"bold('+5% Cost + Water Desalination at $0.5/m'^3)","Thailand",0,0,0,0,526517658841.684,"Asia & Oceania","<0.1%"
"bold('+5% Cost + Water Desalination at $0.5/m'^3)","Türkiye",-6.48209386675492,-0.7324551259654,-0.7324551259654,6.90705134928027e-05,1359123768774.12,"Europe","<0.1%"
"bold('+5% Cost + Water Desalination at $0.5/m'^3)","United Kingdom",-0.102194579021225,-0.786387627781204,-0.786387627781204,0,3686033044482.13,"Europe","<0.1%"
"bold('+5% Cost + Water Desalination at $0.5/m'^3)","USA",-284.922989018489,108.014389451436,108.014389451436,0.000425207246432204,28750956130731.2,"North America","<0.1%"
"bold('+5% Cost + Water Desalination at $0.5/m'^3)","Venezuela",0,-0.00964536999660381,-0.00964536999660381,0,119802963257.783,"Latin America","<0.1%"
"bold('+5% Cost + Water Desalination at $0.5/m'^3)","Vietnam",0,-0.00428525106956767,-0.00428525106956767,0.000105092309555033,476388230307.175,"Asia & Oceania","<0.1%"
"bold('+5% Cost + Water Desalination at $0.5/m'^3)","Zambia",0.0255081983111047,-1.77685489953862,-1.77685489953862,0.276870363544636,25303185342.2511,"Middle East & Africa",">20%"
"bold('+5% Cost + Water Desalination at $0.5/m'^3)","Zimbabwe",-0.0479604604530783,0.627521557167025,0.627521557167025,0.0342595291983705,41539411516.4448,"Middle East & Africa","1–5%"
"bold('+5% Cost + Desal. $0.5/m'^3~'+ Protect Fish > 70')","Albania",-9.0205620750794e-17,-0.00879583905308268,-0.00879583905308268,0,27046429296.6673,"Europe","<0.1%"
"bold('+5% Cost + Desal. $0.5/m'^3~'+ Protect Fish > 70')","Angola",0,0,0,0,100998916781.079,"Middle East & Africa","<0.1%"
"bold('+5% Cost + Desal. $0.5/m'^3~'+ Protect Fish > 70')","Argentina",-40.0682198545884,-5.05372309035363,-5.05372309035363,0.00185244958238528,638365455340.04,"Latin America","0.1–1%"
"bold('+5% Cost + Desal. $0.5/m'^3~'+ Protect Fish > 70')","Armenia",-122.85600005129,-15.117208958759,-15.117208958759,0.0260864745327443,25955275380.0321,"Europe","1–5%"
"bold('+5% Cost + Desal. $0.5/m'^3~'+ Protect Fish > 70')","Australia",-52.728933981139,-27.6410813225017,-27.6410813225017,0.00749551897472183,1757022451652.83,"Asia & Oceania","0.1–1%"
"bold('+5% Cost + Desal. $0.5/m'^3~'+ Protect Fish > 70')","Austria",-0.00331719024778757,-0.0530622218823938,-0.0530622218823938,0,534790720466.822,"Europe","<0.1%"
"bold('+5% Cost + Desal. $0.5/m'^3~'+ Protect Fish > 70')","Azerbaijan",-0.985469336669572,-0.217154913069332,-0.217154913069332,0.00106047735480625,74315882352.9412,"Europe","0.1–1%"
"bold('+5% Cost + Desal. $0.5/m'^3~'+ Protect Fish > 70')","Bolivia",-0.0101649908434972,-0.100336911877933,-0.100336911877933,0,54881327452.9667,"Latin America","<0.1%"
"bold('+5% Cost + Desal. $0.5/m'^3~'+ Protect Fish > 70')","Botswana",-3.5527136788005e-15,-0.171979278850603,-0.171979278850603,0.0660125434244523,19402063512.9066,"Middle East & Africa","5–10%"
"bold('+5% Cost + Desal. $0.5/m'^3~'+ Protect Fish > 70')","Brazil",-10.0973008607185,-0.573390496956449,-0.573390496956449,0.00289259774434687,2185821648943.86,"Latin America","0.1–1%"
"bold('+5% Cost + Desal. $0.5/m'^3~'+ Protect Fish > 70')","Bulgaria",0,-0.318646164780643,-0.318646164780643,0.00125518428516237,113343355779.985,"Europe","0.1–1%"
"bold('+5% Cost + Desal. $0.5/m'^3~'+ Protect Fish > 70')","Canada",0.240780081509152,0.593683737152389,0.593683737152389,0.00248591080926174,2243636826633.76,"North America","0.1–1%"
"bold('+5% Cost + Desal. $0.5/m'^3~'+ Protect Fish > 70')","Chile",-1207.30427618796,259.153142385451,259.153142385451,0.177877324749902,330267137371.592,"Latin America","10–20%"
"bold('+5% Cost + Desal. $0.5/m'^3~'+ Protect Fish > 70')","China",-26.152207584719,-8.34986177361242,-8.34986177361242,0.000806223591324593,18743803170827.2,"Asia & Oceania","<0.1%"
"bold('+5% Cost + Desal. $0.5/m'^3~'+ Protect Fish > 70')","Colombia",-0.0905763226303163,0.537396020517527,0.537396020517527,0.00134523865530147,418818154879.271,"Latin America","0.1–1%"
"bold('+5% Cost + Desal. $0.5/m'^3~'+ Protect Fish > 70')","Côte d'Ivoire",0,0,0,0,87113179149.284,"Middle East & Africa","<0.1%"
"bold('+5% Cost + Desal. $0.5/m'^3~'+ Protect Fish > 70')","Cuba",-0.0139580309717922,-0.164629430841913,-0.164629430841913,0.00629074310313668,1.07352e+11,"Latin America","0.1–1%"
"bold('+5% Cost + Desal. $0.5/m'^3~'+ Protect Fish > 70')","Czechia",-0.668030088954165,-1.17521806916141,-1.17521806916141,0,347034062928.479,"Europe","<0.1%"
"bold('+5% Cost + Desal. $0.5/m'^3~'+ Protect Fish > 70')","Dem. Rep. Congo",-14.5711089344003,-6.61785663740477,-6.61785663740477,0.360681142750599,70962185790.7094,"Middle East & Africa",">20%"
"bold('+5% Cost + Desal. $0.5/m'^3~'+ Protect Fish > 70')","Dominican Republic",0.01615516456038,-0.292903653912498,-0.292903653912498,0.000640933561879245,124282245638.568,"Latin America","<0.1%"
"bold('+5% Cost + Desal. $0.5/m'^3~'+ Protect Fish > 70')","Ecuador",0,-0.480341182802654,-0.480341182802654,0.00958363453860153,124676074700,"Latin America","0.1–1%"
"bold('+5% Cost + Desal. $0.5/m'^3~'+ Protect Fish > 70')","Eritrea",-1.77635683940025e-15,-0.120133438882294,-0.120133438882294,0.213327317301843,2065001626.01626,"Middle East & Africa",">20%"
"bold('+5% Cost + Desal. $0.5/m'^3~'+ Protect Fish > 70')","Ethiopia",-0.758133719506493,-0.461013644691566,-0.461013644691566,0,149740297952.986,"Middle East & Africa","<0.1%"
"bold('+5% Cost + Desal. $0.5/m'^3~'+ Protect Fish > 70')","Finland",-0.0165076941836064,0.0437595417354544,0.0437595417354544,0.00305718601833225,298696961297.656,"Europe","0.1–1%"
"bold('+5% Cost + Desal. $0.5/m'^3~'+ Protect Fish > 70')","France",-0.260443291663397,-1.16742584927404,-1.16742584927404,0,3160442622465.08,"Europe","<0.1%"
"bold('+5% Cost + Desal. $0.5/m'^3~'+ Protect Fish > 70')","Georgia",-1.06581410364015e-14,-4.66293670342566e-15,-4.66293670342566e-15,0,34189423544.9955,"Europe","<0.1%"
"bold('+5% Cost + Desal. $0.5/m'^3~'+ Protect Fish > 70')","Germany",-0.556897339225303,-1.21328419679441,-1.21328419679441,0,4685592577804.69,"Europe","<0.1%"
"bold('+5% Cost + Desal. $0.5/m'^3~'+ Protect Fish > 70')","Ghana",0,0,0,0,82308110386.4641,"Middle East & Africa","<0.1%"
"bold('+5% Cost + Desal. $0.5/m'^3~'+ Protect Fish > 70')","Greece",-0.645551751685471,-0.293166505932303,-0.293166505932303,0.000194293359106202,256238371778.118,"Europe","<0.1%"
"bold('+5% Cost + Desal. $0.5/m'^3~'+ Protect Fish > 70')","Guatemala",0,0,0,0,113199581158.203,"Latin America","<0.1%"
"bold('+5% Cost + Desal. $0.5/m'^3~'+ Protect Fish > 70')","Guinea",0,0,0,0,25008678293.4084,"Middle East & Africa","<0.1%"
"bold('+5% Cost + Desal. $0.5/m'^3~'+ Protect Fish > 70')","India",0,-0.161996794880508,-0.161996794880508,0.000114598761111907,3909891533858.08,"Asia & Oceania","<0.1%"
"bold('+5% Cost + Desal. $0.5/m'^3~'+ Protect Fish > 70')","Indonesia",0.0313885353525905,-3.21993377131611,-3.21993377131611,0.00692430381350141,1396300098190.97,"Asia & Oceania","0.1–1%"
"bold('+5% Cost + Desal. $0.5/m'^3~'+ Protect Fish > 70')","Iran",-135.173471660578,-29.8811946545676,-29.8811946545676,0.00546825288930409,475252089215.416,"Middle East & Africa","0.1–1%"
"bold('+5% Cost + Desal. $0.5/m'^3~'+ Protect Fish > 70')","Kazakhstan",-4.81027138480613,-1.02087988849402,-1.02087988849402,0.0217680659022913,291480274648.826,"Asia & Oceania","1–5%"
"bold('+5% Cost + Desal. $0.5/m'^3~'+ Protect Fish > 70')","Laos",-0.813991464305017,-0.503582438589934,-0.503582438589934,0.0181005692570987,16502933121.3379,"Asia & Oceania","1–5%"
"bold('+5% Cost + Desal. $0.5/m'^3~'+ Protect Fish > 70')","Madagascar",-0.00603618559063739,-0.333806920664014,-0.333806920664014,0.027912884451747,17420501490.1231,"Middle East & Africa","1–5%"
"bold('+5% Cost + Desal. $0.5/m'^3~'+ Protect Fish > 70')","Malaysia",0,0,0,0,422227005428.688,"Asia & Oceania","<0.1%"
"bold('+5% Cost + Desal. $0.5/m'^3~'+ Protect Fish > 70')","Mali",0.347060930310102,3.49512945947961,3.49512945947961,0.0143065474604056,26794747239.8805,"Middle East & Africa","1–5%"
"bold('+5% Cost + Desal. $0.5/m'^3~'+ Protect Fish > 70')","Mauritania",0,0,0,0,10908045686.8808,"Middle East & Africa","<0.1%"
"bold('+5% Cost + Desal. $0.5/m'^3~'+ Protect Fish > 70')","Mexico",-623.912573232354,-182.987012231573,-182.987012231573,0.00346151811656843,1856365616165.94,"Latin America","0.1–1%"
"bold('+5% Cost + Desal. $0.5/m'^3~'+ Protect Fish > 70')","Mongolia",-1.87051127298849,-0.463851296451907,-0.463851296451907,0.194165821781726,23794540024.5132,"Asia & Oceania","10–20%"
"bold('+5% Cost + Desal. $0.5/m'^3~'+ Protect Fish > 70')","Morocco",-1.01456179046899,-0.954901343945275,-0.954901343945275,0.00181328874062951,160610994054.734,"Middle East & Africa","0.1–1%"
"bold('+5% Cost + Desal. $0.5/m'^3~'+ Protect Fish > 70')","Myanmar",-0.0159598420745238,0,0,0,74068349523.8095,"Asia & Oceania","<0.1%"
"bold('+5% Cost + Desal. $0.5/m'^3~'+ Protect Fish > 70')","Namibia",-0.715779895137592,-0.513175980611807,-0.513175980611807,0.00235219792654755,13372354511.716,"Middle East & Africa","0.1–1%"
"bold('+5% Cost + Desal. $0.5/m'^3~'+ Protect Fish > 70')","New Caledonia",-0.0723691085739935,-4.5999762465586,-4.5999762465586,0.142333648202815,8548919387.12607,"Asia & Oceania","10–20%"
"bold('+5% Cost + Desal. $0.5/m'^3~'+ Protect Fish > 70')","North Macedonia",-0.28222177131886,-0.107536494206897,-0.107536494206897,0.00587380217065179,16951682245.4202,"Europe","0.1–1%"
"bold('+5% Cost + Desal. $0.5/m'^3~'+ Protect Fish > 70')","Norway",0.0390218138722105,0.766541033650981,0.766541033650981,0,483592648313.301,"Europe","<0.1%"
"bold('+5% Cost + Desal. $0.5/m'^3~'+ Protect Fish > 70')","Oman",0,0,0,0.000769523998252776,107137198769.386,"Middle East & Africa","<0.1%"
"bold('+5% Cost + Desal. $0.5/m'^3~'+ Protect Fish > 70')","Pakistan",-139.543882488053,-30.5960679637547,-30.5960679637547,0,371570000121.266,"Asia & Oceania","<0.1%"
"bold('+5% Cost + Desal. $0.5/m'^3~'+ Protect Fish > 70')","Panama",-0.00311467121465802,-0.132328413053174,-0.132328413053174,0,86523959131.7472,"Latin America","<0.1%"
"bold('+5% Cost + Desal. $0.5/m'^3~'+ Protect Fish > 70')","Papua New Guinea",0,-0.0345157495239778,-0.0345157495239778,0.0321549951872749,31800428265.5246,"Asia & Oceania","1–5%"
"bold('+5% Cost + Desal. $0.5/m'^3~'+ Protect Fish > 70')","Peru",-135.384258922316,-32.8591667469099,-32.8591667469099,0.0817722869885143,289221969062.941,"Latin America","5–10%"
"bold('+5% Cost + Desal. $0.5/m'^3~'+ Protect Fish > 70')","Philippines",-7.04101492956182,-0.0185334632534477,-0.0185334632534477,0.00312566398552816,461617509782.355,"Asia & Oceania","0.1–1%"
"bold('+5% Cost + Desal. $0.5/m'^3~'+ Protect Fish > 70')","Poland",0.0124246535442101,0.000322785246339663,0.000322785246339663,0.00440305874468969,917767106146.761,"Europe","0.1–1%"
"bold('+5% Cost + Desal. $0.5/m'^3~'+ Protect Fish > 70')","Portugal",-0.336485416769127,-0.183536749218225,-0.183536749218225,0.00126968331131275,313271185085.102,"Europe","0.1–1%"
"bold('+5% Cost + Desal. $0.5/m'^3~'+ Protect Fish > 70')","Romania",0,0,0,3.65942703321456e-05,382564217988.866,"Europe","<0.1%"
"bold('+5% Cost + Desal. $0.5/m'^3~'+ Protect Fish > 70')","Russia",2.01309475293677,-0.343154888208403,-0.343154888208403,0.00607000587840448,2173835806671.66,"Europe","0.1–1%"
"bold('+5% Cost + Desal. $0.5/m'^3~'+ Protect Fish > 70')","Saudi Arabia",-0.00343322184161288,-0.0402528555561101,-0.0402528555561101,0.00043969860683097,1239804533333.33,"Middle East & Africa","<0.1%"
"bold('+5% Cost + Desal. $0.5/m'^3~'+ Protect Fish > 70')","Serbia",1.77635683940025e-15,-0.558319406927815,-0.558319406927815,0.0320491188696238,90097765959.1114,"Europe","1–5%"
"bold('+5% Cost + Desal. $0.5/m'^3~'+ Protect Fish > 70')","South Africa",-1.78174902295296,-2.68904169367858,-2.68904169367858,0.00173607407376226,401144998373.585,"Middle East & Africa","0.1–1%"
"bold('+5% Cost + Desal. $0.5/m'^3~'+ Protect Fish > 70')","Spain",-0.0593036287779434,-0.290794498299402,-0.290794498299402,0.000612165528512989,1725671652742.19,"Europe","<0.1%"
"bold('+5% Cost + Desal. $0.5/m'^3~'+ Protect Fish > 70')","Sudan",6.92564088465181,3.055437556902,3.055437556902,0,49672435513.1126,"Middle East & Africa","<0.1%"
"bold('+5% Cost + Desal. $0.5/m'^3~'+ Protect Fish > 70')","Sweden",0.0191425895050904,0.49670925299904,0.49670925299904,0.00136967872387163,603715224265.798,"Europe","0.1–1%"
"bold('+5% Cost + Desal. $0.5/m'^3~'+ Protect Fish > 70')","Tanzania",-1.97768471197903,15.7915799325355,15.7915799325355,0.000176802854274833,78844405385.2195,"Middle East & Africa","<0.1%"
"bold('+5% Cost + Desal. $0.5/m'^3~'+ Protect Fish > 70')","Thailand",0,0,0,0,526517658841.684,"Asia & Oceania","<0.1%"
"bold('+5% Cost + Desal. $0.5/m'^3~'+ Protect Fish > 70')","Türkiye",-6.48209386675492,-0.7324551259654,-0.7324551259654,6.90705134928027e-05,1359123768774.12,"Europe","<0.1%"
"bold('+5% Cost + Desal. $0.5/m'^3~'+ Protect Fish > 70')","United Kingdom",-0.102194579021225,-0.786387627781204,-0.786387627781204,0,3686033044482.13,"Europe","<0.1%"
"bold('+5% Cost + Desal. $0.5/m'^3~'+ Protect Fish > 70')","USA",-263.823520855324,107.86433421323,107.86433421323,0.000425207246432204,28750956130731.2,"North America","<0.1%"
"bold('+5% Cost + Desal. $0.5/m'^3~'+ Protect Fish > 70')","Venezuela",0,-0.00964536999660381,-0.00964536999660381,0,119802963257.783,"Latin America","<0.1%"
"bold('+5% Cost + Desal. $0.5/m'^3~'+ Protect Fish > 70')","Vietnam",-0.0319539673214373,-0.002070169598825,-0.002070169598825,0.000105092309555033,476388230307.175,"Asia & Oceania","<0.1%"
"bold('+5% Cost + Desal. $0.5/m'^3~'+ Protect Fish > 70')","Zambia",-12.677799534504,-1.83325799772655,-1.83325799772655,0.276870363544636,25303185342.2511,"Middle East & Africa",">20%"
"bold('+5% Cost + Desal. $0.5/m'^3~'+ Protect Fish > 70')","Zimbabwe",-4.66282486046114,0.596867779684452,0.596867779684452,0.0342595291983705,41539411516.4448,"Middle East & Africa","1–5%"
